Key,English,Bengali,Hindi,Arabic,Tamil,Yoruba,,
T1-01,SyntaxError: invalid syntax,সিনট্যাক্স ত্রুটি: অবৈধ সিনট্যাক্স,सिंटैक्स त्रुटी: अमान्य सिंटैक्स,خطأ في بناء الجملة: بناء جملة غير صالح,தொடரியல் பிழை: தவறான தொடரியல்,Àṣìṣe Ìlànà: ìṣètò tí kò tọ́,,Syntax error: Invalid syntax
T1-02,IndentationError: expected an indented block,ইন্ডেন্টেশন ত্রুটি: একটি ইন্ডেন্টেড ব্লক প্রত্যাশিত ছিল,इंडेंटेशन त्रुटि: एक इंडेंटेड ब्लॉक अपेक्षित था,خطأ في المسافة البادئة: كان من المتوقع وجود كتلة ذات مسافة بادئة,IndentationError: expected an indented block,Àṣìṣe ìfàmìsí: ó ń retí pé blọ́ọ̀kì tí a ti gún sí i,,
T1-03,Check that each code block is indented consistently,প্রতিটি কোড ব্লক সামঞ্জস্যপূর্ণভাবে ইন্ডেন্ট করা আছে কিনা তা পরীক্ষা করুন।,सुनिश्चित करें कि प्रत्येक कोड ब्लॉक में इंडेंटेशन एक समान हो।,تأكد من أن كل كتلة برمجية مُنسقة بشكل متسق,ஒவ்வொரு குறியீட்டுத் தொகுதியும் சீராக உள்ளிடைவெளி விடப்பட்டுள்ளதா எனச் சரிபார்க்கவும்.,Ṣàyẹ̀wò pé gbogbo búlọ́ọ̀kù kódù ni a fi gún inú rẹ̀ déédéé,,
T1-04,A colon is missing at the end of the statement,বিবৃতিটির শেষে একটি কোলন নেই।,कथन के अंत में एक कोलन (कॉलम) गायब है।,هناك نقص في النقطتين الرأسيتين في نهاية العبارة,வாக்கியத்தின் இறுதியில் பெருங்குறி விடுபட்டுள்ளது.,Ifun kan sọnù ní ìparí gbólóhùn náà,,
T1-05,"TypeError: can only concatenate str (not ""int"") to str",TypeError: str এর সাথে শুধুমাত্র str যুক্ত করা যায় (int নয়)।,TypeError: केवल str को ही str से जोड़ा जा सकता है (int को नहीं)।,خطأ في النوع: لا يمكن دمج سوى سلسلة نصية (وليس عددًا صحيحًا) في سلسلة نصية,வகைப்பிழை: str உடன் str-ஐ மட்டுமே இணைக்க முடியும் (int-ஐ அல்ல),"Àṣìṣe Irú: ó lè so str pọ̀ (kì í ṣe ""int"") sí str nìkan",,
T1-06,TypeError: unsupported operand type(s) for +: 'int' and 'str',TypeError: + এর জন্য অসমর্থিত অপারেন্ড টাইপ: 'int' এবং 'str',TypeError: + के लिए असमर्थित ऑपरेंड प्रकार: 'int' और 'str',خطأ في النوع: نوع (أنواع) المعاملات غير مدعومة لعملية الجمع (+): 'int' و 'str',TypeError: + க்கு ஆதரிக்கப்படாத செயலுறுப்பு வகைகள்: 'int' மற்றும் 'str',Àṣìṣe Iru: irú(àwọn) operand tí kò ní àtìlẹ́yìn fún +: 'int' àti 'str',,
T1-07,NameError: name 'x' is not defined,NameError: 'x' নামটি সংজ্ঞায়িত নয়,NameError: नाम 'x' परिभाषित नहीं है,خطأ في الاسم: الاسم 'x' غير مُعرَّف,பெயர் பிழை: 'x' என்ற பெயர் வரையறுக்கப்படவில்லை,Àṣìṣe Orúkọ: a kò ṣàlàyé orúkọ 'x',,
T1-08,UnboundLocalError: local variable referenced before assignment,UnboundLocalError: অ্যাসাইনমেন্টের আগে লোকাল ভেরিয়েবল রেফারেন্স করা হয়েছে,अनबाउंडलोकल त्रुटि: असाइनमेंट से पहले स्थानीय चर का संदर्भ दिया गया,خطأ UnboundLocalError: تمت الإشارة إلى متغير محلي قبل تعيين قيمته.,UnboundLocalError: உள்ளூர் மாறிக்கு மதிப்பு ஒதுக்கப்படுவதற்கு முன்பே அது குறிப்பிடப்பட்டுள்ளது,UnboundLocalError: onírúurú agbègbè tí a tọ́ka sí kí a tó yan iṣẹ́,,
T1-09,Verify that the variable is defined before it is used,ব্যবহারের আগে ভেরিয়েবলটি সংজ্ঞায়িত করা হয়েছে কিনা তা যাচাই করুন।,उपयोग करने से पहले सुनिश्चित करें कि वेरिएबल परिभाषित है।,تأكد من تعريف المتغير قبل استخدامه,"பயன்படுத்துவதற்கு முன், அந்த மாறி வரையறுக்கப்பட்டுள்ளதா என்பதைச் சரிபார்க்கவும்.",Rí i dájú pé a ti ṣàlàyé onírúuru náà kí a tó lò ó.,,
T1-10,IndexError: list index out of range,IndexError: তালিকার সূচক সীমার বাইরে,इंडेक्स त्रुटि: सूची इंडेक्स सीमा से बाहर है,خطأ في الفهرسة: فهرس القائمة خارج النطاق,குறியீட்டுப் பிழை: பட்டியல் குறியீடு வரம்பிற்கு வெளியே உள்ளது,Àṣìṣe Index: àkójọ atọka kò sí ní ìwọ̀n,,
T1-11,KeyError: 'name',KeyError: 'name',कुंजी त्रुटि: 'नाम',خطأ في المفتاح: 'name',விசைப்பிழை: 'பெயர்',Àṣìṣe Key: 'orúkọ',,
T1-12,ZeroDivisionError: division by zero,ZeroDivisionError: শূন্য দ্বারা ভাগ,शून्य विभाजन त्रुटि: शून्य से भाग,خطأ القسمة على صفر: القسمة على صفر,பூஜ்ஜியத்தால் வகுத்தல் பிழை: பூஜ்ஜியத்தால் வகுத்தல்,Àṣìṣe ZeroDivision: pínpín sí òdo,,
T1-13,Check that the divisor is not zero before performing division,ভাগ করার আগে দেখে নিন ভাজক শূন্য নয়।,भाग करने से पहले यह जांच लें कि भाजक शून्य न हो।,تأكد من أن المقسوم عليه ليس صفرًا قبل إجراء عملية القسمة,வகுத்தல் செய்வதற்கு முன் வகுக்கும் எண் பூஜ்ஜியமாக இல்லை என்பதைச் சரிபார்க்கவும்.,Ṣàyẹ̀wò pé olùpínpín kìí ṣe òdo kí o tó ṣe ìpínpín,,
T1-14,ValueError: invalid literal for int() with base 10,ValueError: 10 ভিত্তিক int() এর জন্য আক্ষরিক মান অবৈধ,ValueError: int() के लिए आधार 10 के साथ अमान्य लिटरल,خطأ في القيمة: قيمة حرفية غير صالحة للدالة int() مع الأساس 10,ValueError: invalid literal for int() with base 10,Èsì Value: àìtọ́ literal fún int() pẹ̀lú ìpìlẹ̀ 10,,
T1-15,The value provided cannot be converted to the required type,প্রদত্ত মানটি প্রয়োজনীয় ধরনে রূপান্তর করা সম্ভব নয়।,प्रदान किए गए मान को आवश्यक प्रकार में परिवर्तित नहीं किया जा सकता है।,لا يمكن تحويل القيمة المُدخلة إلى النوع المطلوب,வழங்கப்பட்ட மதிப்பைத் தேவையான வகையாக மாற்ற முடியாது.,A ko le yi iye ti a pese pada si iru ti a beere fun,,
T1-16,AttributeError: 'NoneType' object has no attribute 'split',AttributeError: 'NoneType' অবজেক্টের 'split' নামক কোনো অ্যাট্রিবিউট নেই,AttributeError: 'NoneType' ऑब्जेक्ट में 'split' नामक कोई विशेषता नहीं है।,خطأ في السمة: الكائن 'NoneType' لا يحتوي على السمة 'split',AttributeError: 'NoneType' object has no attribute 'split',Àṣìṣe Àbùkù: Ohun tí a ń pè ní 'NoneType' kò ní àmì 'pínyà',,
T1-17,AttributeError: 'int' object has no attribute 'append',AttributeError: 'int' অবজেক্টের 'append' নামক কোনো অ্যাট্রিবিউট নেই,AttributeError: 'int' ऑब्जेक्ट में 'append' नामक कोई विशेषता नहीं है,خطأ في السمة: الكائن من نوع 'int' لا يملك السمة 'append',AttributeError: 'int' object has no attribute 'append',Àṣìṣe Àṣìṣe: ohun 'int' kò ní àmì 'append',,
T1-18,The program runs without error but produces incorrect output,প্রোগ্রামটি ত্রুটি ছাড়াই চলে কিন্তু ভুল আউটপুট তৈরি করে।,प्रोग्राम बिना किसी त्रुटि के चलता है लेकिन गलत आउटपुट देता है।,يعمل البرنامج بدون أخطاء ولكنه ينتج مخرجات غير صحيحة,"நிரல் பிழையின்றி இயங்குகிறது, ஆனால் தவறான வெளியீட்டை அளிக்கிறது.",Ètò náà kò ní àṣìṣe ṣùgbọ́n ó ń mú àbájáde tí kò tọ́ jáde,,
T1-19,Review the condition in the if statement for logical accuracy,যৌক্তিক নির্ভুলতার জন্য if স্টেটমেন্টের শর্তটি পর্যালোচনা করুন।,इफ स्टेटमेंट में दी गई शर्त की तार्किक सटीकता की समीक्षा करें।,راجع الشرط في عبارة if للتأكد من صحته المنطقية,if கூற்றில் உள்ள நிபந்தனையின் தர்க்கரீதியான துல்லியத்தை மதிப்பாய்வு செய்யவும்.,Ṣe àtúnyẹ̀wò ipò náà nínú gbólóhùn if fún ìṣedéédé tó péye,,
T1-20,The loop does not terminate because the condition is never false,"লুপটি শেষ হয় না, কারণ শর্তটি কখনোই মিথ্যা হয় না।",यह लूप समाप्त नहीं होता क्योंकि शर्त कभी गलत नहीं होती।,لا تنتهي الحلقة لأن الشرط لا يكون خاطئًا أبدًا,"நிபந்தனை ஒருபோதும் தவறாக இல்லாததால், சுழற்சி முடிவடையாது.",Lílo náà kò parí nítorí pé ipò náà kì í ṣe èké rárá,,
T2-01,"This error occurs because Python encountered a line of code it cannot parse according to its syntax rules. A common cause is a missing colon at the end of an if, for, while, or def statement. The colon must be added at the end of the statement before the indented block.","এই ত্রুটিটি ঘটে কারণ পাইথন এমন একটি কোড লাইনের সম্মুখীন হয় যা সে তার সিনট্যাক্স নিয়ম অনুযায়ী পার্স করতে পারে না। এর একটি সাধারণ কারণ হলো if, for, while, বা def স্টেটমেন্টের শেষে কোলন না থাকা। ইনডেন্টেড ব্লকের আগে, স্টেটমেন্টের শেষে কোলনটি অবশ্যই যোগ করতে হবে।","यह त्रुटि इसलिए होती है क्योंकि पायथन को कोड की एक ऐसी पंक्ति मिली है जिसे वह अपने सिंटैक्स नियमों के अनुसार पार्स नहीं कर सकता। इसका एक सामान्य कारण if, for, while या def स्टेटमेंट के अंत में कॉलन का न होना है। कॉलन को स्टेटमेंट के अंत में इंडेंटेड ब्लॉक से पहले जोड़ना आवश्यक है।",يحدث هذا الخطأ لأن بايثون واجهت سطرًا برمجيًا لا يمكنها تحليله وفقًا لقواعدها النحوية. أحد الأسباب الشائعة هو غياب النقطتين الرأسيتين في نهاية جملة if أو for أو while أو def. يجب إضافة النقطتين الرأسيتين في نهاية الجملة قبل الكتلة المُزاحة.,"பைத்தானின் தொடரியல் விதிகளின்படி அதனால் பகுப்பாய்வு செய்ய முடியாத ஒரு நிரல் வரியை அது எதிர்கொள்வதால் இந்தப் பிழை ஏற்படுகிறது. if, for, while, அல்லது def கூற்றின் இறுதியில் பெருங்குறி (:) விடுபட்டிருப்பது ஒரு பொதுவான காரணமாகும். அந்தக் கூற்றானது, உள்ளிழுத்த தொகுதிக்கு (indented block) முன்பு, கூற்றின் இறுதியில் சேர்க்கப்பட வேண்டும்.","Àṣìṣe yìí wáyé nítorí pé Python rí ìlà kódì kan tí kò lè ṣàtúpalẹ̀ gẹ́gẹ́ bí òfin ìṣàpèjúwe rẹ̀. Ohun tó wọ́pọ̀ ni ìṣàkódì tí kò sí ní ìparí gbólóhùn if, for, while, tàbí def. A gbọ́dọ̀ fi ìṣàkódì náà kún ní ìparí gbólóhùn náà kí ó tó di pé a ti fi ìṣàkódì náà sí i.",,
T2-02,"An IndentationError occurs because Python uses indentation to define code blocks, and the indentation is inconsistent or missing. All lines inside a block must be indented by the same number of spaces. The indentation of the affected line must be corrected to match the expected level.",একটি IndentationError ঘটে কারণ পাইথন কোড ব্লক সংজ্ঞায়িত করতে ইন্ডেন্টেশন ব্যবহার করে এবং সেই ইন্ডেন্টেশনটি অসামঞ্জস্যপূর্ণ বা অনুপস্থিত থাকে। একটি ব্লকের ভেতরের সমস্ত লাইন অবশ্যই একই সংখ্যক স্পেস দ্বারা ইন্ডেন্ট করা থাকতে হবে। প্রভাবিত লাইনটির ইন্ডেন্টেশন অবশ্যই প্রত্যাশিত স্তরের সাথে মেলানোর জন্য সংশোধন করতে হবে।,"इंडेंटेशन त्रुटि तब उत्पन्न होती है जब पायथन कोड ब्लॉक को परिभाषित करने के लिए इंडेंटेशन का उपयोग करता है, और इंडेंटेशन असंगत या अनुपस्थित होता है। ब्लॉक के भीतर सभी पंक्तियों में समान संख्या में रिक्त स्थान होने चाहिए। प्रभावित पंक्ति के इंडेंटेशन को अपेक्षित स्तर के अनुरूप ठीक किया जाना चाहिए।",يحدث خطأ المسافة البادئة لأن بايثون تستخدم المسافة البادئة لتحديد كتل التعليمات البرمجية، وهذه المسافة غير متناسقة أو مفقودة. يجب أن تكون جميع الأسطر داخل الكتلة مُزاحة بنفس عدد المسافات. يجب تصحيح المسافة البادئة للسطر المتأثر لتتوافق مع المستوى المتوقع.,"பைதான் குறியீட்டுத் தொகுதிகளை வரையறுக்க உள்ளிழுப்பைப் பயன்படுத்துவதாலும், அந்த உள்ளிழுப்பு சீரற்றதாகவோ அல்லது விடுபட்டோ இருப்பதாலும் ஒரு உள்ளிழுப்புப் பிழை (IndentationError) ஏற்படுகிறது. ஒரு தொகுதிக்குள் உள்ள அனைத்து வரிகளும் ஒரே எண்ணிக்கையிலான இடைவெளிகளால் உள்ளிழுக்கப்பட வேண்டும். பாதிக்கப்பட்ட வரியின் உள்ளிழுப்பானது, எதிர்பார்க்கப்படும் நிலைக்குப் பொருந்தும்படி சரிசெய்யப்பட வேண்டும்.","Àṣìṣe Indentation kan máa ń ṣẹlẹ̀ nítorí pé Python ń lo indentation láti ṣàlàyé àwọn blocks kódì, àti indentation náà kò báramu tàbí kò sí níbẹ̀. Gbogbo àwọn ìlà inú block kan gbọ́dọ̀ ní iye àlàfo kan náà. A gbọ́dọ̀ ṣe àtúnṣe indentation ti ìlà tí ó kan láti bá ipele tí a retí mu.",,
T2-03,"This TypeError occurs because Python does not allow a string and an integer to be added together directly. In Python, the plus operator between a string and an integer is not defined. The integer must be converted to a string using the str() function before the concatenation is performed.","এই TypeError-টি ঘটে কারণ পাইথন একটি স্ট্রিং এবং একটি পূর্ণসংখ্যাকে সরাসরি একসাথে যোগ করার অনুমতি দেয় না। পাইথনে, একটি স্ট্রিং এবং একটি পূর্ণসংখ্যার মধ্যে যোগ চিহ্ন (plus operator) সংজ্ঞায়িত নয়। সংযুক্তিকরণ (concatenation) করার আগে, পূর্ণসংখ্যাটিকে অবশ্যই str() ফাংশন ব্যবহার করে একটি স্ট্রিং-এ রূপান্তর করতে হবে।",यह TypeError इसलिए होता है क्योंकि Python में स्ट्रिंग और पूर्णांक को सीधे जोड़ना संभव नहीं है। Python में स्ट्रिंग और पूर्णांक के बीच 'प्लस' ऑपरेटर परिभाषित नहीं है। जोड़ने से पहले पूर्णांक को str() फ़ंक्शन का उपयोग करके स्ट्रिंग में परिवर्तित करना आवश्यक है।,يحدث هذا الخطأ من نوع TypeError لأن لغة بايثون لا تسمح بجمع سلسلة نصية مع عدد صحيح مباشرةً. في بايثون، لا يوجد تعريف لمعامل الجمع (+) بين السلسلة النصية والعدد الصحيح. يجب تحويل العدد الصحيح إلى سلسلة نصية باستخدام الدالة str() قبل إجراء عملية الجمع.,"பைத்தான் ஒரு சரத்தையும் ஒரு முழு எண்ணையும் நேரடியாக ஒன்றாகக் கூட்ட அனுமதிப்பதில்லை என்பதால் இந்த TypeError ஏற்படுகிறது. பைத்தானில், ஒரு சரத்திற்கும் முழு எண்ணுக்கும் இடையேயான கூட்டல் செயலி வரையறுக்கப்படவில்லை. சரம் இணைக்கப்படுவதற்கு முன்பு, str() செயல்பாட்டைப் பயன்படுத்தி அந்த முழு எண்ணைச் சரமாக மாற்ற வேண்டும்.","Àṣìṣe Iru yìí máa ń ṣẹlẹ̀ nítorí pé Python kò gbà kí a fi okùn àti okùn kan papọ̀ tààrà. Nínú Python, a kò ṣàlàyé olùṣiṣẹ́ plus láàárín okùn kan àti okùn kan. A gbọ́dọ̀ yí okùn náà padà sí okùn kan nípa lílo iṣẹ́ str() kí a tó ṣe ìdàpọ̀ náà.",,
T2-04,A TypeError of this kind occurs when an operation is applied to a value of the wrong data type. Python requires that both operands support the operation being performed. The data types of both values must be checked and converted as needed before the operation is attempted.,"ভুল ডেটা টাইপের কোনো মানের উপর অপারেশন প্রয়োগ করা হলে এই ধরনের TypeError ঘটে। পাইথনের নিয়ম অনুযায়ী, উভয় অপারেন্ডকেই সম্পাদিত অপারেশনটি সমর্থন করতে হয়। অপারেশনটি শুরু করার আগে উভয় মানের ডেটা টাইপ অবশ্যই পরীক্ষা করে প্রয়োজন অনুযায়ী রূপান্তর করতে হবে।",इस प्रकार की टाइप एरर तब होती है जब किसी ऑपरेशन को गलत डेटा प्रकार के मान पर लागू किया जाता है। पायथन के लिए आवश्यक है कि दोनों ऑपरेंड उस ऑपरेशन का समर्थन करते हों जिसे निष्पादित किया जा रहा है। ऑपरेशन करने से पहले दोनों मानों के डेटा प्रकारों की जाँच की जानी चाहिए और आवश्यकतानुसार उन्हें परिवर्तित किया जाना चाहिए।,يحدث خطأ من هذا النوع عند تطبيق عملية على قيمة من نوع بيانات خاطئ. يتطلب بايثون أن يدعم كلا المعاملين العملية المراد تنفيذها. يجب التحقق من أنواع بيانات كلتا القيمتين وتحويلها حسب الحاجة قبل محاولة تنفيذ العملية.,"தவறான தரவு வகையைச் சேர்ந்த ஒரு மதிப்பின் மீது ஒரு செயல்பாடு பயன்படுத்தப்படும்போது, ​​இவ்வகையான TypeError ஏற்படுகிறது. செய்யப்படும் செயல்பாட்டை இரண்டு செயலுருபுகளும் ஆதரிக்க வேண்டும் என பைதான் எதிர்பார்க்கிறது. செயல்பாட்டை முயற்சிப்பதற்கு முன்பு, இரண்டு மதிப்புகளின் தரவு வகைகளும் சரிபார்க்கப்பட்டு, தேவைக்கேற்ப மாற்றப்பட வேண்டும்.",Irú Àṣìṣe Irú yìí máa ń ṣẹlẹ̀ nígbà tí a bá lo iṣẹ́ kan sí iye tí kò tọ́ tí irú dátà kan. Python nílò kí àwọn operand méjèèjì ṣètìlẹ́yìn iṣẹ́ tí a ń ṣe. A gbọ́dọ̀ ṣàyẹ̀wò àwọn irú dátà ti àwọn iye méjèèjì kí a sì yí wọn padà bí ó ṣe yẹ kí a tó gbìyànjú iṣẹ́ náà.,,
T2-05,A NameError occurs because Python cannot find a variable with the given name in the current scope. This usually means the variable has not been assigned a value before it is used. The variable must be defined and assigned a value before the line that references it.,"একটি NameError ঘটে কারণ পাইথন বর্তমান স্কোপে প্রদত্ত নামের কোনো ভেরিয়েবল খুঁজে পায় না। এর মানে সাধারণত এই যে, ভেরিয়েবলটি ব্যবহার করার আগে সেটিতে কোনো মান অ্যাসাইন করা হয়নি। যে লাইনে ভেরিয়েবলটিকে রেফারেন্স করা হবে, তার আগে অবশ্যই সেটিকে সংজ্ঞায়িত করে একটি মান অ্যাসাইন করতে হবে।",NameError तब होता है जब Python वर्तमान स्कोप में दिए गए नाम का कोई वेरिएबल नहीं ढूंढ पाता है। इसका आमतौर पर मतलब यह होता है कि वेरिएबल का उपयोग करने से पहले उसे कोई मान असाइन नहीं किया गया है। वेरिएबल को परिभाषित किया जाना चाहिए और उसे संदर्भित करने वाली पंक्ति से पहले उसे एक मान असाइन किया जाना चाहिए।,يحدث خطأ NameError لأن بايثون لا تستطيع العثور على متغير بالاسم المحدد في النطاق الحالي. وهذا يعني عادةً أن المتغير لم يُسند إليه قيمة قبل استخدامه. يجب تعريف المتغير وإسناد قيمة له قبل السطر الذي يشير إليه.,"தற்போதைய ஸ்கோப்பில் கொடுக்கப்பட்ட பெயரில் ஒரு மாறியை பைத்தானால் கண்டுபிடிக்க முடியாததால் NameError ஏற்படுகிறது. பொதுவாக, ஒரு மாறி பயன்படுத்தப்படுவதற்கு முன்பு அதற்கு ஒரு மதிப்பு ஒதுக்கப்படவில்லை என்பதே இதன் பொருள். அந்த மாறியைக் குறிப்பிடும் வரிக்கு முன்பே, அது வரையறுக்கப்பட்டு ஒரு மதிப்பு ஒதுக்கப்பட்டிருக்க வேண்டும்.",Àṣìṣe NameError kan máa ń wáyé nítorí pé Python kò lè rí onírúuru kan pẹ̀lú orúkọ tí a fúnni nínú àkójọpọ̀ ìsinsìnyí. Èyí sábà máa ń túmọ̀ sí pé a kò ti yan onírúuru náà fúnni kí a tó lò ó. A gbọ́dọ̀ ṣàlàyé onírúuru náà kí a sì yan iye kan ṣáájú ìlà tí ó tọ́ka sí i.,,
T2-06,"An UnboundLocalError occurs when a variable is referenced inside a function before it has been assigned a value in that local scope. Python treats the variable as local because it is assigned somewhere in the function, but the assignment has not yet been reached. The variable must be assigned a value before it is used within the function.","একটি UnboundLocalError ঘটে যখন কোনো ফাংশনের লোকাল স্কোপে কোনো ভেরিয়েবলকে মান অ্যাসাইন করার আগেই সেটিকে সেই ফাংশনের ভেতরে রেফারেন্স করা হয়। পাইথন ভেরিয়েবলটিকে লোকাল হিসেবে গণ্য করে কারণ ফাংশনের কোথাও এটিকে মান অ্যাসাইন করা হয়েছে, কিন্তু সেই অ্যাসাইনমেন্টটি তখনও সম্পন্ন হয়নি। ফাংশনের ভেতরে ব্যবহার করার আগে ভেরিয়েবলটিকে অবশ্যই একটি মান অ্যাসাইন করতে হবে।","अनबाउंडलोकल एरर तब होता है जब किसी वेरिएबल को फंक्शन के अंदर तब संदर्भित किया जाता है जब उसे उस लोकल स्कोप में कोई मान असाइन नहीं किया गया होता है। पायथन वेरिएबल को लोकल मानता है क्योंकि उसे फंक्शन में कहीं मान असाइन किया गया है, लेकिन अभी तक उस असाइनमेंट तक नहीं पहुंचा गया है। फंक्शन के अंदर उपयोग करने से पहले वेरिएबल को एक मान असाइन किया जाना चाहिए।",يحدث خطأ UnboundLocalError عندما تتم الإشارة إلى متغير داخل دالة قبل إسناد قيمة له في نطاقه المحلي. يتعامل بايثون مع المتغير كمتغير محلي لأنه تم إسناد قيمة له في مكان ما داخل الدالة، ولكن لم يتم الوصول إلى عملية الإسناد بعد. يجب إسناد قيمة للمتغير قبل استخدامه داخل الدالة.,"ஒரு மாறிக்கு அதன் உள்ளூர் எல்லைக்குள் மதிப்பு ஒதுக்கப்படுவதற்கு முன்பே, அது ஒரு சார்புக்குள் பயன்படுத்தப்படும்போது UnboundLocalError ஏற்படுகிறது. சார்புக்குள் எங்கோ ஒரு இடத்தில் மதிப்பு ஒதுக்கப்பட்டிருந்தாலும், அந்த மதிப்பு ஒதுக்கீடு இன்னும் அடையப்படாததால், பைதான் அந்த மாறியை உள்ளூர் மாறியாகக் கருதுகிறது. சார்புக்குள் பயன்படுத்தப்படுவதற்கு முன்பு, அந்த மாறிக்கு ஒரு மதிப்பு ஒதுக்கப்பட்டிருக்க வேண்டும்.","UnboundLocalError kan maa n waye nigbati a ba tọka si oniyipada ninu iṣẹ kan ki a to fi iye kan fun un ninu agbegbe naa. Python maa n wo oniyipada naa bi agbegbe nitori pe a ti yan an ni ibikan ninu iṣẹ naa, ṣugbọn a ko tii de ipo ipin naa. A gbọdọ yan oniyipada naa ni iye kan ki a to lo o ninu iṣẹ naa.",,
T2-07,An IndexError occurs because the index used to access a list element is outside the valid range of the list. List indices in Python begin at zero and end at one less than the length of the list. The index value must be checked to ensure it falls within the valid range before the list is accessed.,একটি IndexError ঘটে কারণ লিস্টের কোনো এলিমেন্ট অ্যাক্সেস করার জন্য ব্যবহৃত ইন্ডেক্সটি লিস্টের বৈধ সীমার বাইরে থাকে। পাইথনে লিস্টের ইন্ডেক্স শূন্য থেকে শুরু হয় এবং লিস্টের দৈর্ঘ্যের চেয়ে এক কম সংখ্যায় শেষ হয়। লিস্টটি অ্যাক্সেস করার আগে ইন্ডেক্সের মানটি বৈধ সীমার মধ্যে আছে কিনা তা অবশ্যই যাচাই করে নিতে হবে।,IndexError तब होता है जब सूची के किसी तत्व को एक्सेस करने के लिए उपयोग किया गया इंडेक्स सूची की मान्य सीमा से बाहर होता है। पायथन में सूची इंडेक्स शून्य से शुरू होते हैं और सूची की लंबाई से एक कम पर समाप्त होते हैं। सूची को एक्सेस करने से पहले इंडेक्स मान की जांच करना आवश्यक है ताकि यह सुनिश्चित हो सके कि यह मान्य सीमा के भीतर आता है।,يحدث خطأ IndexError لأن الفهرس المستخدم للوصول إلى عنصر في القائمة يقع خارج النطاق الصحيح للقائمة. تبدأ فهارس القوائم في بايثون من الصفر وتنتهي عند قيمة أقل بواحد من طول القائمة. يجب التحقق من قيمة الفهرس للتأكد من أنها تقع ضمن النطاق الصحيح قبل الوصول إلى القائمة.,"ஒரு பட்டியல் உறுப்பை அணுகப் பயன்படுத்தப்படும் குறியீடு, அந்தப் பட்டியலின் செல்லுபடியாகும் வரம்பிற்கு வெளியே இருப்பதால், ஒரு IndexError ஏற்படுகிறது. பைத்தானில் பட்டியல் குறியீடுகள் பூஜ்ஜியத்தில் தொடங்கி, பட்டியலின் நீளத்தை விட ஒன்று குறைவாக முடிவடையும். பட்டியலை அணுகுவதற்கு முன்பு, குறியீட்டு மதிப்பு செல்லுபடியாகும் வரம்பிற்குள் உள்ளதா என்பதைச் சரிபார்க்க வேண்டும்.",Àṣìṣe Index kan máa ń ṣẹlẹ̀ nítorí pé àtọ́ka tí a lò láti wọ inú ẹ̀yà àkójọ kan wà níta ibi tí ó yẹ nínú àkójọ náà. Àtọ́ka àkójọ nínú Python bẹ̀rẹ̀ ní òdo ó sì parí ní ọ̀kan tí ó kéré sí gígùn àkójọ náà. A gbọ́dọ̀ ṣàyẹ̀wò iye àtọ́ka náà láti rí i dájú pé ó wà láàrín ibi tí ó yẹ kí a tó wọ inú àkójọ náà.,,
T2-08,A KeyError occurs because the key used to access a dictionary does not exist in that dictionary. Python raises this error when a key lookup fails and no default value has been specified. The available keys in the dictionary should be verified before attempting to retrieve a value.,"একটি KeyError ঘটে কারণ ডিকশনারি অ্যাক্সেস করার জন্য ব্যবহৃত কী-টি সেই ডিকশনারিতে বিদ্যমান থাকে না। যখন কী খোঁজা ব্যর্থ হয় এবং কোনো ডিফল্ট মান নির্দিষ্ট করা থাকে না, তখন পাইথন এই ত্রুটিটি দেখায়। কোনো মান পুনরুদ্ধার করার চেষ্টা করার আগে ডিকশনারিতে উপলব্ধ কী-গুলো যাচাই করে নেওয়া উচিত।",KeyError तब उत्पन्न होता है जब किसी शब्दकोश में उपयोग की जाने वाली कुंजी उस शब्दकोश में मौजूद नहीं होती है। Python यह त्रुटि तब उत्पन्न करता है जब कुंजी खोज विफल हो जाती है और कोई डिफ़ॉल्ट मान निर्दिष्ट नहीं किया गया होता है। मान प्राप्त करने का प्रयास करने से पहले शब्दकोश में उपलब्ध कुंजियों की जाँच अवश्य कर लें।,يحدث خطأ KeyError لأن المفتاح المستخدم للوصول إلى قاموس غير موجود فيه. يُصدر بايثون هذا الخطأ عند فشل البحث عن مفتاح وعدم تحديد قيمة افتراضية. يجب التحقق من المفاتيح المتاحة في القاموس قبل محاولة استرداد أي قيمة.,"ஒரு அகராதியை அணுகப் பயன்படுத்தப்படும் திறவுகோல் அந்த அகராதியில் இல்லாதபோது KeyError ஏற்படுகிறது. திறவுகோல் தேடல் தோல்வியடையும்போதும், இயல்புநிலை மதிப்பு எதுவும் குறிப்பிடப்படாதபோதும் பைதான் இந்தப் பிழையை எழுப்புகிறது. ஒரு மதிப்பைப் பெற முயற்சிக்கும் முன், அகராதியில் உள்ள கிடைக்கக்கூடிய திறவுகோல்களைச் சரிபார்க்க வேண்டும்.",Èsì KeyError kan wáyé nítorí pé kọ́kọ́rọ́ tí a lò láti wọ inú ìwé atúmọ̀ èdè kò sí nínú ìwé atúmọ̀ èdè náà. Python gbé àṣìṣe yìí dìde nígbà tí wíwá kọ́kọ́rọ́ bá kùnà tí a kò sì tíì sọ iye àìyípadà kan. Àwọn kọ́kọ́rọ́ tó wà nínú ìwé atúmọ̀ èdè náà gbọ́dọ̀ jẹ́rìí sí kí a tó gbìyànjú láti gba iye kan.,,
T2-09,"A ZeroDivisionError occurs because the program attempted to divide a number by zero, which is mathematically undefined. Python raises this error immediately when division by zero is detected at runtime. A conditional check should be added to verify that the divisor is not zero before the division is performed.","ZeroDivisionError ঘটে কারণ প্রোগ্রামটি একটি সংখ্যাকে শূন্য দিয়ে ভাগ করার চেষ্টা করে, যা গাণিতিকভাবে অসংজ্ঞায়িত। রানটাইমে শূন্য দিয়ে ভাগ শনাক্ত হলে পাইথন তাৎক্ষণিকভাবে এই ত্রুটিটি দেখায়। ভাগ করার আগে ভাজকটি শূন্য নয়, তা যাচাই করার জন্য একটি শর্তসাপেক্ষ পরীক্ষা যোগ করা উচিত।","ज़ीरोडिवीजन एरर तब उत्पन्न होता है जब प्रोग्राम किसी संख्या को शून्य से भाग देने का प्रयास करता है, जो गणितीय रूप से अपरिभाषित है। पाइथन रनटाइम पर शून्य से भाग का पता चलने पर तुरंत यह एरर देता है। भाग देने से पहले यह सुनिश्चित करने के लिए एक सशर्त जाँच जोड़ी जानी चाहिए कि भाजक शून्य नहीं है।",يحدث خطأ القسمة على صفر لأن البرنامج حاول قسمة عدد على صفر، وهو أمر غير مُعرَّف رياضيًا. يُصدر بايثون هذا الخطأ فورًا عند اكتشاف القسمة على صفر أثناء التشغيل. لذا، يجب إضافة شرط للتحقق من أن المقسوم عليه ليس صفرًا قبل إجراء عملية القسمة.,"கணிதரீதியாக வரையறுக்கப்படாத பூஜ்ஜியத்தால் ஒரு எண்ணை நிரல் வகுக்க முயற்சிப்பதால், ஒரு ZeroDivisionError ஏற்படுகிறது. இயங்கு நேரத்தில் பூஜ்ஜியத்தால் வகுத்தல் கண்டறியப்படும்போது பைத்தான் உடனடியாக இந்தப் பிழையை எழுப்புகிறது. வகுத்தல் செய்யப்படுவதற்கு முன்பு, வகுக்கும் எண் பூஜ்ஜியம் அல்ல என்பதைச் சரிபார்க்க ஒரு நிபந்தனைச் சோதனை சேர்க்கப்பட வேண்டும்.","Àṣìṣe ZeroDivisionError kan wáyé nítorí pé ètò náà gbìyànjú láti pín nọ́mbà kan sí òdo, èyí tí a kò lè ṣàlàyé nípa ìṣirò. Python gbé àṣìṣe yìí dìde lẹ́sẹ̀kẹsẹ̀ nígbà tí a bá rí ìpín sí òdo ní àkókò ìṣiṣẹ́. A gbọ́dọ̀ fi àyẹ̀wò àdéhùn kún un láti rí i dájú pé ìpín náà kò sí òdo kí a tó ṣe ìpín náà.",,
T2-10,This ZeroDivisionError can occur when the denominator in a division operation is calculated dynamically and evaluates to zero under certain input conditions. The program must validate the denominator before using it in division. An if statement or a try-except block can prevent this error from terminating the program.,এই ZeroDivisionError তখন ঘটতে পারে যখন কোনো ভাগ অপারেশনে হর গতিশীলভাবে গণনা করা হয় এবং নির্দিষ্ট ইনপুট শর্তে এর মান শূন্য হয়। ভাগ করার জন্য হর ব্যবহার করার আগে প্রোগ্রামটিকে অবশ্যই তা যাচাই করতে হবে। একটি if স্টেটমেন্ট বা try-except ব্লক এই ত্রুটির কারণে প্রোগ্রামটি বন্ধ হয়ে যাওয়া প্রতিরোধ করতে পারে।,यह ज़ीरोडिवीजन एरर तब हो सकता है जब भाग की क्रिया में हर का मान गतिशील रूप से गणना किया जाता है और कुछ इनपुट स्थितियों में शून्य हो जाता है। प्रोग्राम को भाग में उपयोग करने से पहले हर का सत्यापन करना आवश्यक है। एक इफ स्टेटमेंट या ट्राई-एक्सेप्ट ब्लॉक इस त्रुटि को प्रोग्राम के समाप्त होने से रोक सकता है।,قد يحدث خطأ القسمة على الصفر عندما يتم حساب المقام في عملية القسمة ديناميكيًا، ويُقيّم إلى الصفر في ظل شروط إدخال معينة. يجب على البرنامج التحقق من صحة المقام قبل استخدامه في القسمة. يمكن استخدام عبارة if أو كتلة try-except لمنع هذا الخطأ من إنهاء البرنامج.,"ஒரு வகுத்தல் செயல்பாட்டில் உள்ள பகுதியானது, மாறும் தன்மையுடன் கணக்கிடப்பட்டு, சில உள்ளீட்டு நிபந்தனைகளின் கீழ் பூஜ்ஜியமாக மதிப்பிடப்படும்போது இந்த ZeroDivisionError ஏற்படலாம். வகுத்தலில் பகுதியைப் பயன்படுத்துவதற்கு முன்பு, நிரல் அந்தப் பகுதியைச் சரிபார்க்க வேண்டும். ஒரு if கூற்று அல்லது try-except தொகுதி, இந்தப் பிழை நிரலை நிறுத்துவதைத் தடுக்க முடியும்.","Èsì ZeroDivision yìí lè ṣẹlẹ̀ nígbà tí a bá ṣírò iye tí ó wà nínú iṣẹ́ ìpínkiri ní ọ̀nà tí ó ń ṣiṣẹ́, tí a sì ń ṣe àyẹ̀wò sí òdo lábẹ́ àwọn ipò ìtẹ̀wọlé kan. Ètò náà gbọ́dọ̀ jẹ́rìí iye tí ó wà nínú rẹ̀ kí ó tó lò ó ní ìpínkiri. Ìtumọ̀ if tàbí block tí ó ń gbìyànjú láti dènà àṣìṣe yìí láti fopin sí ètò náà.",,
T2-11,"A ValueError occurs because the value passed to a function is of the correct type but is not acceptable for the operation. For example, passing a non-numeric string to int() will raise this error. The input value must be validated before it is passed to the function that requires a specific format.","একটি ValueError ঘটে কারণ ফাংশনে পাঠানো মানটি সঠিক টাইপের হলেও অপারেশনটির জন্য গ্রহণযোগ্য নয়। উদাহরণস্বরূপ, int() ফাংশনে একটি অ-সংখ্যাসূচক স্ট্রিং পাঠালে এই ত্রুটি দেখা দেবে। যে ফাংশনের জন্য একটি নির্দিষ্ট ফরম্যাট প্রয়োজন, সেখানে পাঠানোর আগে ইনপুট মানটি অবশ্যই যাচাই করে নিতে হবে।","ValueError तब उत्पन्न होता है जब किसी फ़ंक्शन को दिया गया मान सही प्रकार का होता है, लेकिन वह क्रिया के लिए स्वीकार्य नहीं होता। उदाहरण के लिए, int() फ़ंक्शन में गैर-संख्यात्मक स्ट्रिंग पास करने पर यह त्रुटि उत्पन्न होगी। विशिष्ट प्रारूप की आवश्यकता वाले फ़ंक्शन को इनपुट मान पास करने से पहले उसका सत्यापन किया जाना चाहिए।",يحدث خطأ ValueError لأن القيمة المُمرَّرة إلى الدالة من النوع الصحيح، ولكنها غير مقبولة للعملية. على سبيل المثال، سيؤدي تمرير سلسلة نصية غير رقمية إلى دالة int() إلى ظهور هذا الخطأ. يجب التحقق من صحة قيمة الإدخال قبل تمريرها إلى الدالة التي تتطلب تنسيقًا محددًا.,"ஒரு சார்புக்கு அனுப்பப்படும் மதிப்பு சரியான வகையைச் சேர்ந்ததாக இருந்தாலும், அது அந்தச் செயல்பாட்டிற்கு ஏற்றதாக இல்லாதபோது ValueError ஏற்படுகிறது. எடுத்துக்காட்டாக, int() சார்புக்கு எண் அல்லாத ஒரு சரத்தை அனுப்பினால் இந்தப் பிழை ஏற்படும். ஒரு குறிப்பிட்ட வடிவத்தைக் கோரும் சார்புக்கு உள்ளீட்டு மதிப்பை அனுப்புவதற்கு முன்பு, அது சரிபார்க்கப்பட வேண்டும்.","Àṣàyàn ValueError kan máa ń wáyé nítorí pé iye tí a gbé sí iṣẹ́ kan jẹ́ irú tó tọ́ ṣùgbọ́n kò ṣeé gbà fún iṣẹ́ náà. Fún àpẹẹrẹ, fífi okùn tí kì í ṣe nọ́mbà ránṣẹ́ sí int() yóò gbé àṣìṣe yìí dìde. A gbọ́dọ̀ jẹ́rìí sí iye tí a fi sínú rẹ̀ kí a tó fi sínú iṣẹ́ tí ó nílò ìrísí pàtó kan.",,
T2-12,"This ValueError indicates that the string being converted does not represent a valid integer. Python's int() function can only convert strings that contain numeric digits, with an optional leading sign. The input must be checked to confirm it contains only valid numeric characters before conversion is attempted.","এই ValueError নির্দেশ করে যে, যে স্ট্রিংটি রূপান্তর করা হচ্ছে তা একটি বৈধ পূর্ণসংখ্যা নয়। পাইথনের int() ফাংশন শুধুমাত্র সেইসব স্ট্রিং রূপান্তর করতে পারে যেগুলিতে সংখ্যাসূচক অঙ্ক থাকে এবং শুরুতে একটি ঐচ্ছিক চিহ্ন থাকতে পারে। রূপান্তরের চেষ্টা করার আগে, ইনপুটটিতে শুধুমাত্র বৈধ সংখ্যাসূচক অক্ষর রয়েছে কিনা তা নিশ্চিত করার জন্য পরীক্ষা করতে হবে।","यह ValueError इंगित करता है कि परिवर्तित की जा रही स्ट्रिंग एक मान्य पूर्णांक नहीं है। Python का int() फ़ंक्शन केवल उन स्ट्रिंग को परिवर्तित कर सकता है जिनमें अंक हों, और जिनके आगे चिह्न लगाना वैकल्पिक है। रूपांतरण का प्रयास करने से पहले इनपुट की जाँच करके सुनिश्चित करना आवश्यक है कि उसमें केवल मान्य संख्यात्मक वर्ण ही हों।",يشير خطأ القيمة هذا إلى أن السلسلة النصية التي يتم تحويلها لا تمثل عددًا صحيحًا صالحًا. تستطيع دالة int() في بايثون تحويل السلاسل النصية التي تحتوي على أرقام فقط، مع إمكانية إضافة إشارة في البداية. يجب التحقق من المدخلات للتأكد من احتوائها على أرقام صحيحة فقط قبل محاولة التحويل.,"இந்த ValueError, மாற்றப்படும் சரம் ஒரு சரியான முழு எண் அல்ல என்பதைக் குறிக்கிறது. பைத்தானின் int() செயல்பாடு, விருப்பப்பட்டால் தொடக்கக் குறியுடன் கூடிய எண் இலக்கங்களைக் கொண்ட சரங்களை மட்டுமே மாற்ற முடியும். மாற்றும் முயற்சியை மேற்கொள்வதற்கு முன், உள்ளீட்டில் சரியான எண் எழுத்துக்கள் மட்டுமே உள்ளனவா என்பதை உறுதிப்படுத்த அதைச் சரிபார்க்க வேண்டும்.","Èrè ValueError yìí fihàn pé okùn tí a ń yí padà kò dúró fún odidi nọ́ńbà tó wúlò. Iṣẹ́ int() ti Python lè yí àwọn okùn tí ó ní àwọn nọ́ńbà nọ́ńbà padà nìkan, pẹ̀lú àmì ìtọ́sọ́nà àṣàyàn. A gbọ́dọ̀ ṣàyẹ̀wò ìtẹ̀síwájú náà láti jẹ́rìí sí i pé ó ní àwọn ohun kikọ nọ́ńbà tó wúlò nìkan kí a tó gbìyànjú láti yí padà.",,
T2-13,An AttributeError of this kind occurs because the variable holds a None value rather than an object with a split method. This often happens when a function returns None and the return value is used without being checked. The return value must be verified before any method is called on it.,এই ধরনের একটি AttributeError ঘটে কারণ ভেরিয়েবলটি split মেথডযুক্ত কোনো অবজেক্টের পরিবর্তে একটি None ভ্যালু ধারণ করে। এটি প্রায়শই ঘটে যখন কোনো ফাংশন None রিটার্ন করে এবং সেই রিটার্ন ভ্যালুটি যাচাই না করেই ব্যবহার করা হয়। এর উপর কোনো মেথড কল করার আগে রিটার্ন ভ্যালুটি অবশ্যই যাচাই করতে হবে।,इस प्रकार की एट्रीब्यूट एरर तब होती है जब वेरिएबल में स्प्लिट मेथड वाले ऑब्जेक्ट के बजाय None वैल्यू होती है। ऐसा अक्सर तब होता है जब कोई फंक्शन None रिटर्न करता है और रिटर्न वैल्यू को बिना जांचे ही इस्तेमाल कर लिया जाता है। किसी भी मेथड को कॉल करने से पहले रिटर्न वैल्यू को वेरिफाई करना आवश्यक है।,يحدث خطأ من نوع AttributeError لأن المتغير يحمل قيمة None بدلاً من كائن يحتوي على دالة split. يحدث هذا غالبًا عندما تُرجع دالة قيمة None ويتم استخدام القيمة المُرجعة دون التحقق منها. يجب التحقق من القيمة المُرجعة قبل استدعاء أي دالة عليها.,"ஒரு மாறி, split மெத்தட் கொண்ட ஒரு ஆப்ஜெக்ட்டிற்குப் பதிலாக None என்ற மதிப்பைக் கொண்டிருப்பதால், இந்த வகையான AttributeError ஏற்படுகிறது. ஒரு ஃபங்ஷன் None-ஐத் திருப்பியளித்து, அந்தத் திருப்பியளிக்கப்பட்ட மதிப்பு சரிபார்க்கப்படாமல் பயன்படுத்தப்படும்போது இது அடிக்கடி நிகழ்கிறது. அதன் மீது எந்தவொரு மெத்தடையும் அழைப்பதற்கு முன்பு, திருப்பியளிக்கப்பட்ட மதிப்பு சரிபார்க்கப்பட வேண்டும்.",Àṣìṣe irú èyí máa ń ṣẹlẹ̀ nítorí pé onírúurú náà ní ìníyelórí Kò sí dípò ohun kan tí ó ní ọ̀nà ìpínyà. Èyí sábà máa ń ṣẹlẹ̀ nígbà tí iṣẹ́ kan bá dá Kò sí padà tí a sì lo ìníyelórí padà láìsí àyẹ̀wò. A gbọ́dọ̀ jẹ́rìísí ìníyelórí padà kí a tó pe ọ̀nà èyíkéyìí lórí rẹ̀.,,
T2-14,"This AttributeError occurs because the append method is defined only for list objects, not for integers. The variable in question is an integer at the point where append is called. The variable must be confirmed to be a list before any list methods are applied to it.","এই AttributeError-টি ঘটে কারণ append মেথডটি শুধুমাত্র লিস্ট অবজেক্টের জন্য সংজ্ঞায়িত, ইন্টিজারের জন্য নয়। যেখানে append কল করা হচ্ছে, সেখানে আলোচ্য ভেরিয়েবলটি একটি ইন্টিজার। কোনো লিস্ট মেথড প্রয়োগ করার আগে ভেরিয়েবলটি যে একটি লিস্ট, তা অবশ্যই নিশ্চিত করতে হবে।","यह एट्रीब्यूट एरर इसलिए होता है क्योंकि append मेथड केवल लिस्ट ऑब्जेक्ट के लिए परिभाषित है, इंटीजर के लिए नहीं। append मेथड कॉल होने के समय संबंधित वेरिएबल एक इंटीजर होता है। किसी भी लिस्ट मेथड को लागू करने से पहले वेरिएबल के लिस्ट होने की पुष्टि करना आवश्यक है।",يحدث هذا الخطأ (AttributeError) لأن دالة الإلحاق (append) مُعرّفة فقط لكائنات القوائم، وليست للأعداد الصحيحة. المتغير المعني هو عدد صحيح عند استدعاء دالة الإلحاق. يجب التأكد من أن المتغير قائمة قبل تطبيق أي دوال خاصة بالقوائم عليه.,"append மெத்தட், முழு எண்களுக்கு அல்லாமல், பட்டியல் ஆப்ஜெக்டுகளுக்கு மட்டுமே வரையறுக்கப்பட்டுள்ளதால் இந்த AttributeError ஏற்படுகிறது. append அழைக்கப்படும் நேரத்தில், கேள்விக்குரிய மாறி ஒரு முழு எண்ணாக உள்ளது. எந்தவொரு பட்டியல் மெத்தட்களையும் ஒரு மாறியின் மீது பயன்படுத்துவதற்கு முன்பு, அது ஒரு பட்டியல் என்பதை உறுதிப்படுத்த வேண்டும்.","Àṣìṣe Àmì yìí máa ń ṣẹlẹ̀ nítorí pé a túmọ̀ ọ̀nà àfikún fún àwọn ohun tí a kọ sílẹ̀ nìkan, kì í ṣe fún àwọn odidi. Odidi tí a ń sọ̀rọ̀ nípa rẹ̀ jẹ́ odidi kan níbi tí a ti ń pe àfikún. A gbọ́dọ̀ jẹ́rìí sí odidi náà gẹ́gẹ́ bí àkójọ kí a tó lo àwọn ọ̀nà àkójọ sí i.",,
T2-15,"This is a logical error, which means the program runs without raising an exception but produces an incorrect result. Logical errors occur when the program's instructions do not correctly represent the intended computation. The conditions, operators, and variable values in the relevant section of code must be reviewed carefully.","এটি একটি লজিক্যাল এরর, যার অর্থ হলো প্রোগ্রামটি কোনো এক্সেপশন তৈরি না করেই চলে কিন্তু একটি ভুল ফলাফল দেয়। যখন প্রোগ্রামের নির্দেশাবলী উদ্দিষ্ট গণনাকে সঠিকভাবে উপস্থাপন করে না, তখন লজিক্যাল এরর ঘটে। কোডের প্রাসঙ্গিক অংশের কন্ডিশন, অপারেটর এবং ভেরিয়েবলের মানগুলো অবশ্যই সতর্কতার সাথে পর্যালোচনা করতে হবে।","यह एक तार्किक त्रुटि है, जिसका अर्थ है कि प्रोग्राम बिना कोई अपवाद उत्पन्न किए चलता है लेकिन गलत परिणाम देता है। तार्किक त्रुटियाँ तब होती हैं जब प्रोग्राम के निर्देश इच्छित गणना को सही ढंग से नहीं दर्शाते हैं। कोड के संबंधित भाग में शर्तों, ऑपरेटरों और चर मानों की सावधानीपूर्वक समीक्षा की जानी चाहिए।",هذا خطأ منطقي، ما يعني أن البرنامج يعمل دون إثارة استثناء ولكنه يُنتج نتيجة غير صحيحة. تحدث الأخطاء المنطقية عندما لا تُمثل تعليمات البرنامج العملية الحسابية المقصودة بشكل صحيح. يجب مراجعة الشروط والمعاملات وقيم المتغيرات في الجزء ذي الصلة من الكود بعناية.,"இது ஒரு தருக்கப் பிழை ஆகும். அதாவது, நிரல் எந்தவொரு விதிவிலக்கையும் எழுப்பாமல் இயங்கினாலும், தவறான முடிவைத் தரும். நிரலின் கட்டளைகள், நோக்கம் கொண்ட கணக்கீட்டைச் சரியாக வெளிப்படுத்தாதபோது தருக்கப் பிழைகள் ஏற்படுகின்றன. நிரலின் தொடர்புடைய பகுதியில் உள்ள நிபந்தனைகள், செயற்குறிகள் மற்றும் மாறி மதிப்புகள் கவனமாக மதிப்பாய்வு செய்யப்பட வேண்டும்.","Àṣìṣe tó bófin mu ni èyí, èyí tó túmọ̀ sí wípé ètò náà ń ṣiṣẹ́ láìsí pé ó gbé àfikún kan jáde ṣùgbọ́n ó ń mú àbájáde tí kò tọ́ jáde. Àṣìṣe tó bófin mu máa ń ṣẹlẹ̀ nígbà tí ìlànà ètò náà kò bá ṣe àfihàn iṣirò tó yẹ. A gbọ́dọ̀ ṣe àtúnyẹ̀wò àwọn ipò, àwọn olùṣiṣẹ́, àti àwọn iye tó yàtọ̀ nínú apá tó yẹ nínú kódì náà dáadáa.",,
T2-16,"This logical error occurs because the condition in the if statement does not correctly represent the intended comparison. Python evaluates the condition as written, not as intended. Each comparison operator and variable value in the condition must be examined to confirm the logic is correct.","এই যৌক্তিক ত্রুটিটি ঘটে কারণ if স্টেটমেন্টের শর্তটি উদ্দিষ্ট তুলনাকে সঠিকভাবে উপস্থাপন করে না। পাইথন শর্তটিকে তার অভিপ্রেত রূপের পরিবর্তে, যেভাবে লেখা আছে সেভাবেই মূল্যায়ন করে। যুক্তিটি সঠিক কিনা তা নিশ্চিত করার জন্য শর্তের প্রতিটি তুলনা অপারেটর এবং ভেরিয়েবলের মান পরীক্ষা করে দেখতে হবে।","यह तार्किक त्रुटि इसलिए होती है क्योंकि if स्टेटमेंट में दी गई शर्त इच्छित तुलना को सही ढंग से नहीं दर्शाती है। पायथन शर्त का मूल्यांकन उसके लिखे अनुसार करता है, न कि इच्छित तरीके से। शर्त में प्रत्येक तुलना ऑपरेटर और चर मान की जाँच करके यह सुनिश्चित करना आवश्यक है कि तर्क सही है।",يحدث هذا الخطأ المنطقي لأن الشرط في عبارة if لا يُمثل المقارنة المقصودة بشكل صحيح. يُقيّم بايثون الشرط كما هو مكتوب، وليس كما هو مُراد. يجب فحص كل عامل مقارنة وقيمة متغير في الشرط للتأكد من صحة المنطق.,"if கூற்றில் உள்ள நிபந்தனை, நோக்கம் கொண்ட ஒப்பீட்டைச் சரியாக வெளிப்படுத்தாததால் இந்தத் தர்க்கப் பிழை ஏற்படுகிறது. பைத்தான், நிபந்தனையை நோக்கம் கொண்டபடி அல்லாமல், அது எழுதப்பட்டபடியே மதிப்பிடுகிறது. தர்க்கம் சரியானது என்பதை உறுதிப்படுத்த, நிபந்தனையில் உள்ள ஒவ்வொரு ஒப்பீட்டுச் செயற்குறியையும் மற்றும் மாறி மதிப்பையும் ஆராய வேண்டும்.","Àṣìṣe onímọ̀ọ́ràn yìí máa ń ṣẹlẹ̀ nítorí pé ipò tó wà nínú gbólóhùn if kò dúró fún àfiwé tó yẹ. Python ń ṣe àyẹ̀wò ipò náà gẹ́gẹ́ bí a ṣe kọ ọ́, kì í ṣe gẹ́gẹ́ bí a ṣe fẹ́. A gbọ́dọ̀ ṣe àyẹ̀wò olùṣiṣẹ́ ìfiwéra kọ̀ọ̀kan àti iye oníyípadà nínú ipò náà láti jẹ́rìí sí i pé ìlànà náà tọ̀nà.",,
T2-17,"A logical error in a loop can cause the loop to iterate more or fewer times than expected. This often results from an incorrect boundary condition in the loop's controlling expression. The starting value, ending condition, and increment value of the loop must each be reviewed.","একটি লুপের যৌক্তিক ত্রুটির কারণে লুপটি প্রত্যাশার চেয়ে বেশি বা কম বার চলতে পারে। এটি প্রায়শই লুপের নিয়ন্ত্রক এক্সপ্রেশনে একটি ভুল বাউন্ডারি কন্ডিশনের ফলে ঘটে থাকে। লুপের প্রারম্ভিক মান, সমাপ্তি শর্ত এবং ইনক্রিমেন্ট মান—এই প্রতিটি অবশ্যই পর্যালোচনা করতে হবে।","लूप में तार्किक त्रुटि के कारण लूप अपेक्षा से अधिक या कम बार चल सकता है। यह अक्सर लूप के नियंत्रक व्यंजक में गलत सीमा शर्त के कारण होता है। लूप के आरंभिक मान, समाप्ति शर्त और वृद्धि मान की समीक्षा करना आवश्यक है।",قد يتسبب خطأ منطقي في حلقة تكرارية في تكرارها مرات أكثر أو أقل من المتوقع. وينتج هذا غالبًا عن شرط حدودي غير صحيح في التعبير المتحكم بالحلقة. لذا، يجب مراجعة قيمة البداية وشرط النهاية وقيمة الزيادة لكل حلقة على حدة.,"ஒரு லூப்பில் ஏற்படும் தர்க்கப் பிழையானது, அந்த லூப் எதிர்பார்த்ததை விட அதிகமாகவோ அல்லது குறைவாகவோ இயங்கக் காரணமாகலாம். இது பெரும்பாலும், லூப்பின் கட்டுப்பாட்டு வெளிப்பாட்டில் உள்ள தவறான எல்லை நிபந்தனையால் ஏற்படுகிறது. லூப்பின் தொடக்க மதிப்பு, முடிவு நிபந்தனை மற்றும் அதிகரிப்பு மதிப்பு ஆகியவை ஒவ்வொன்றாக மதிப்பாய்வு செய்யப்பட வேண்டும்.","Àṣìṣe tó bá wà nínú ìlù kan lè mú kí ìlù náà máa yípadà ní ìgbà díẹ̀ sí i tàbí kí ó dín sí i ju bí a ṣe rò lọ. Èyí sábà máa ń jẹ́ nítorí ipò ààlà tí kò tọ́ nínú ìṣàkóṣo ìlù náà. A gbọ́dọ̀ ṣe àtúnyẹ̀wò iye ìbẹ̀rẹ̀, ipò ìparí, àti iye ìdàgbàsókè ìlù náà.",,
T2-18,This logical error occurs because the wrong variable is used in a calculation. The result appears plausible but does not reflect the correct computation. Each variable in the expression must be checked to confirm it holds the intended value at that point in the program.,"গণনার সময় ভুল ভেরিয়েবল ব্যবহার করার কারণে এই যৌক্তিক ত্রুটিটি ঘটে। ফলাফলটি বিশ্বাসযোগ্য মনে হলেও, এটি সঠিক গণনাকে প্রতিফলিত করে না। প্রোগ্রামের ঐ নির্দিষ্ট পর্যায়ে এক্সপ্রেশনের প্রতিটি ভেরিয়েবল উদ্দিষ্ট মান ধারণ করছে কিনা, তা নিশ্চিত করার জন্য পরীক্ষা করতে হবে।","यह तार्किक त्रुटि गणना में गलत चर के उपयोग के कारण होती है। परिणाम देखने में तो सही लगता है, लेकिन सही गणना को प्रतिबिंबित नहीं करता। प्रोग्राम में उस बिंदु पर प्रत्येक चर का अपेक्षित मान होना सुनिश्चित करने के लिए उसकी जाँच की जानी चाहिए।",يحدث هذا الخطأ المنطقي نتيجة استخدام متغير خاطئ في عملية حسابية. تبدو النتيجة معقولة، لكنها لا تعكس الحساب الصحيح. يجب فحص كل متغير في التعبير للتأكد من أنه يحمل القيمة المقصودة في تلك المرحلة من البرنامج.,"கணக்கீட்டில் தவறான மாறி பயன்படுத்தப்படுவதால் இந்தத் தருக்கப் பிழை ஏற்படுகிறது. இதன் முடிவு நம்பத்தகுந்ததாகத் தோன்றினாலும், அது சரியான கணக்கீட்டைப் பிரதிபலிக்காது. நிரலில் உள்ள ஒவ்வொரு மாறியும், அந்த நேரத்தில் அது உத்தேசிக்கப்பட்ட மதிப்பைக் கொண்டிருப்பதை உறுதிசெய்யச் சரிபார்க்கப்பட வேண்டும்.",Àṣìṣe tó wà nínú ìlànà yìí máa ń ṣẹlẹ̀ nítorí pé a lo ohun tí kò tọ́ nínú ìṣirò. Àbájáde náà dà bí ohun tó ṣeé gbàgbọ́ ṣùgbọ́n kò fi ìṣirò tó tọ́ hàn. A gbọ́dọ̀ ṣàyẹ̀wò ohun tí ó wà nínú gbólóhùn náà láti jẹ́rìí sí i pé ó ní iye tí a fẹ́ lò ní àkókò yẹn nínú ètò náà.,,
T2-19,"A SyntaxError can also occur when parentheses, brackets, or quotation marks are not properly closed. Python cannot parse the remaining code when an opening delimiter has no matching closing delimiter. All opening symbols in the statement must be matched with their corresponding closing symbols.","প্রথম বন্ধনী, দ্বিতীয় বন্ধনী বা উদ্ধৃতি চিহ্ন সঠিকভাবে বন্ধ না করা হলেও একটি SyntaxError ঘটতে পারে। যখন কোনো শুরুর ডিলিমিটারের সাথে মেলে এমন কোনো শেষের ডিলিমিটার থাকে না, তখন পাইথন বাকি কোডটি পার্স করতে পারে না। স্টেটমেন্টের সমস্ত শুরুর চিহ্নকে অবশ্যই তাদের সংশ্লিষ্ট শেষের চিহ্নের সাথে মেলাতে হবে।","कोष्ठक, ब्रैकेट या उद्धरण चिह्नों के ठीक से बंद न होने पर भी सिंटैक्स एरर आ सकता है। यदि किसी ओपनिंग डीलिमिटर का कोई मेल खाने वाला क्लोजिंग डीलिमिटर न हो, तो पायथन शेष कोड को पार्स नहीं कर सकता। स्टेटमेंट में सभी ओपनिंग सिंबल उनके संबंधित क्लोजिंग सिंबल से मेल खाने चाहिए।",قد يحدث خطأ في بناء الجملة أيضًا عندما لا تُغلق الأقواس أو المعقوفات أو علامات الاقتباس بشكل صحيح. لا يستطيع بايثون تحليل الكود المتبقي عندما لا يوجد مُحدد إغلاق مطابق لمحدد الفتح. يجب مطابقة جميع رموز الفتح في العبارة مع رموز الإغلاق المقابلة لها.,"அடைப்புக்குறிகள், சதுர அடைப்புக்குறிகள் அல்லது மேற்கோள் குறிகள் சரியாக மூடப்படாதபோதும் தொடரியல் பிழை (SyntaxError) ஏற்படலாம். ஒரு தொடக்கப் பிரிப்பானுக்குப் பொருத்தமான முடிவுப் பிரிப்பான் இல்லாதபோது, ​​மீதமுள்ள குறியீட்டை பைத்தானால் பாகுபடுத்த (parse) முடியாது. கூற்றில் உள்ள அனைத்துத் தொடக்கக் குறியீடுகளும் அவற்றுக்குரிய முடிவுக் குறியீடுகளுடன் பொருந்த வேண்டும்.","Àṣìṣe Syntax kan tún lè ṣẹlẹ̀ nígbà tí a kò bá ti àwọn àmì ìdámọ̀, àmì ìdámọ̀, tàbí àmì ìfọ̀rọ̀wérọ̀ dáadáa. Python kò lè ṣàtúnṣe kódì tó kù nígbà tí àmì ìdámọ̀ ṣíṣí kò bá ní àmì ìdámọ̀ pípa tó báramu. Gbogbo àmì ìṣíṣí nínú gbólóhùn náà gbọ́dọ̀ bá àwọn àmì ìdámọ̀ pípa wọn mu.",,
T2-20,"An IndentationError can occur when spaces and tab characters are mixed within the same file to represent indentation. Python treats a tab and a space as different characters and cannot resolve the indentation level when both are present. The entire file should use one consistent indentation character, with spaces being the recommended choice.","একই ফাইলে ইন্ডেন্টেশন বোঝানোর জন্য স্পেস এবং ট্যাব ক্যারেক্টার একসাথে ব্যবহার করলে একটি IndentationError দেখা দিতে পারে। পাইথন ট্যাব এবং স্পেসকে দুটি ভিন্ন ক্যারেক্টার হিসেবে গণ্য করে এবং উভয়ই উপস্থিত থাকলে ইন্ডেন্টেশন লেভেল নির্ধারণ করতে পারে না। পুরো ফাইলটিতে একটিই সামঞ্জস্যপূর্ণ ইন্ডেন্টেশন ক্যারেক্টার ব্যবহার করা উচিত, যার জন্য স্পেস একটি প্রস্তাবিত পছন্দ।","एक ही फ़ाइल में इंडेंटेशन दर्शाने के लिए स्पेस और टैब वर्णों का मिश्रित उपयोग करने पर इंडेंटेशन त्रुटि उत्पन्न हो सकती है। पायथन टैब और स्पेस को अलग-अलग वर्ण मानता है और दोनों के मौजूद होने पर इंडेंटेशन स्तर निर्धारित नहीं कर पाता है। पूरी फ़ाइल में एक ही प्रकार का इंडेंटेशन वर्ण उपयोग किया जाना चाहिए, जिसमें स्पेस का उपयोग करना सबसे उपयुक्त है।",قد يحدث خطأ في المسافة البادئة عند استخدام المسافات وعلامات الجدولة معًا في الملف نفسه لتمثيل المسافة البادئة. يتعامل بايثون مع علامة الجدولة والمسافة كحرفين مختلفين، ولا يمكنه تحديد مستوى المسافة البادئة عند وجودهما معًا. يُنصح باستخدام حرف مسافة بادئة واحد متسق في الملف بأكمله، مع تفضيل استخدام المسافات.,"ஒரே கோப்பில் உள்ளிழுப்பைக் குறிக்க இடைவெளிகளும் தத்தல் எழுத்துக்களும் (tab characters) கலக்கப்படும்போது, ​​ஒரு உள்ளிழுப்புப் பிழை (IndentationError) ஏற்படலாம். பைத்தான், தத்தல் எழுத்தையும் இடைவெளியையும் வெவ்வேறு எழுத்துக்களாகக் கருதுவதால், இரண்டும் இருக்கும்போது உள்ளிழுப்பு அளவைத் தீர்மானிக்க இயலாது. கோப்பு முழுவதும் ஒரே சீரான உள்ளிழுப்பு எழுத்தைப் பயன்படுத்த வேண்டும், இதில் இடைவெளிகளே பரிந்துரைக்கப்படும் தேர்வாகும்.","Àṣìṣe Indentation lè ṣẹlẹ̀ nígbà tí a bá da àwọn àlàfo àti àwọn àmì ìkọ̀wé pọ̀ nínú fáìlì kan náà láti dúró fún indentation. Python ń wo tab àti àlàfo gẹ́gẹ́ bí àwọn àmì ìkọ̀wé tó yàtọ̀ síra, kò sì lè yanjú ìpele indentation nígbà tí àwọn méjèèjì bá wà. Gbogbo fáìlì náà gbọ́dọ̀ lo àmì indentation kan tó báramu, pẹ̀lú àwọn àlàfo tí a dámọ̀ràn.",,
T2-21,A NameError inside a function often occurs because a variable defined in the outer scope is not accessible as a local variable without being passed as an argument or declared as global. Python looks for the name in the local scope first. The variable must either be passed as a parameter or declared using the global keyword if it must be accessed from inside the function.,"ফাংশনের ভিতরে প্রায়শই একটি NameError ঘটে, কারণ বাইরের স্কোপে সংজ্ঞায়িত একটি ভেরিয়েবলকে আর্গুমেন্ট হিসাবে পাস না করে বা গ্লোবাল হিসাবে ঘোষণা না করে লোকাল ভেরিয়েবল হিসেবে অ্যাক্সেস করা যায় না। পাইথন প্রথমে লোকাল স্কোপে নামটি খোঁজে। যদি ফাংশনের ভেতর থেকে ভেরিয়েবলটি অ্যাক্সেস করতে হয়, তবে সেটিকে অবশ্যই প্যারামিটার হিসাবে পাস করতে হবে অথবা গ্লোবাল কীওয়ার্ড ব্যবহার করে ঘোষণা করতে হবে।","किसी फ़ंक्शन के अंदर NameError अक्सर इसलिए होता है क्योंकि बाहरी स्कोप में परिभाषित वेरिएबल को आर्गुमेंट के रूप में पास किए बिना या ग्लोबल घोषित किए बिना लोकल वेरिएबल के रूप में एक्सेस नहीं किया जा सकता है। पायथन पहले लोकल स्कोप में नाम खोजता है। यदि फ़ंक्शन के अंदर से वेरिएबल को एक्सेस करना है, तो उसे या तो पैरामीटर के रूप में पास किया जाना चाहिए या ग्लोबल कीवर्ड का उपयोग करके घोषित किया जाना चाहिए।",يحدث خطأ NameError داخل الدالة غالبًا لأن المتغير المُعرَّف في النطاق الخارجي لا يمكن الوصول إليه كمتغير محلي إلا بتمريره كوسيط أو تعريفه كمتغير عام. يبحث بايثون عن الاسم في النطاق المحلي أولًا. يجب تمرير المتغير كمعامل أو تعريفه باستخدام الكلمة المفتاحية global إذا كان الوصول إليه مطلوبًا من داخل الدالة.,"ஒரு செயற்கூறின் உள்ளே ஏற்படும் NameError பெரும்பாலும், வெளி எல்லைக்கோட்டில் வரையறுக்கப்பட்ட ஒரு மாறியை, ஓர் வாதமாக அனுப்பாமலோ அல்லது global என அறிவிக்காமலோ ஒரு உள்ளூர் மாறியாக அணுக முடியாததால் ஏற்படுகிறது. பைதான் முதலில் உள்ளூர் எல்லைக்கோட்டில் அந்தப் பெயரைத் தேடுகிறது. அந்த மாறியை செயற்கூறின் உள்ளிருந்து அணுக வேண்டுமென்றால், அதை ஓர் அளவுருவாக அனுப்ப வேண்டும் அல்லது global என்ற திறவுச்சொல்லைப் பயன்படுத்தி அறிவிக்க வேண்டும்.",Àṣìṣe NameError nínú iṣẹ́ kan sábà máa ń wáyé nítorí pé a kò lè rí ayípadà kan tí a ṣàlàyé nínú scope òde gẹ́gẹ́ bí oniyipada agbegbe láìsí pé a gbé e kalẹ̀ gẹ́gẹ́ bí ariyanjiyan tàbí a kéde rẹ̀ gẹ́gẹ́ bí agbaye. Python kọ́kọ́ wá orúkọ náà nínú scope agbegbe. A gbọ́dọ̀ gbé oniyipada náà kalẹ̀ gẹ́gẹ́ bí paramita tàbí kí a kéde rẹ̀ nípa lílo ọ̀rọ̀ pàtàkì àgbáyé tí a bá gbọ́dọ̀ wọlé láti inú function náà.,,
T2-22,"A KeyError can be avoided by checking whether a key exists in a dictionary before accessing it. Python provides the in operator for this purpose. Alternatively, the get() method on the dictionary can be used to return a default value when the key is not found.","ডিকশনারিতে কোনো কী অ্যাক্সেস করার আগে সেটি আছে কিনা তা পরীক্ষা করে নিলে KeyError এড়ানো যায়। পাইথন এই কাজের জন্য `in` অপারেটর প্রদান করে। বিকল্পভাবে, কী-টি খুঁজে না পেলে একটি ডিফল্ট মান রিটার্ন করার জন্য ডিকশনারির `get()` মেথড ব্যবহার করা যেতে পারে।","किसी डिक्शनरी में कुंजी मौजूद है या नहीं, यह जांचने से KeyError से बचा जा सकता है। इसके लिए Python में 'in' ऑपरेटर उपलब्ध है। वैकल्पिक रूप से, कुंजी न मिलने पर डिफ़ॉल्ट मान लौटाने के लिए डिक्शनरी पर get() विधि का उपयोग किया जा सकता है।",يمكن تجنب خطأ KeyError بالتحقق من وجود المفتاح في القاموس قبل الوصول إليه. توفر لغة بايثون عامل التشغيل in لهذا الغرض. بدلاً من ذلك، يمكن استخدام دالة get() في القاموس لإرجاع قيمة افتراضية في حال عدم العثور على المفتاح.,"ஒரு அகராதியை அணுகுவதற்கு முன், அதில் ஒரு திறவுகோல் உள்ளதா எனச் சரிபார்ப்பதன் மூலம் KeyError-ஐத் தவிர்க்கலாம். இந்த நோக்கத்திற்காக பைதான் 'in' செயற்குறியை வழங்குகிறது. மாற்றாக, திறவுகோல் காணப்படாதபோது ஒரு இயல்புநிலை மதிப்பைத் திருப்பியளிக்க, அகராதியில் உள்ள get() முறையைப் பயன்படுத்தலாம்.","A le yẹra fun KeyError nipa ṣiṣayẹwo boya bọtini kan wa ninu iwe-itumọ ṣaaju ki o to wọle si i. Python pese oniṣẹ in fun idi eyi. Tabi, ọna get() lori iwe-itumọ le ṣee lo lati da iye aiyipada pada nigbati bọtini ko ba si.",,
T2-23,A TypeError involving a function call occurs when the function is called with the wrong number of arguments. Python requires that the number of arguments provided matches the number of parameters defined in the function signature. The function definition and the function call must be compared to ensure the argument count is consistent.,"ফাংশন কল সংক্রান্ত একটি TypeError ঘটে যখন কোনো ফাংশনকে ভুল সংখ্যক আর্গুমেন্ট দিয়ে কল করা হয়। পাইথনের নিয়ম অনুযায়ী, প্রদত্ত আর্গুমেন্টের সংখ্যা অবশ্যই ফাংশন সিগনেচারে সংজ্ঞায়িত প্যারামিটারের সংখ্যার সাথে মিলতে হবে। আর্গুমেন্টের সংখ্যা সামঞ্জস্যপূর্ণ কিনা তা নিশ্চিত করার জন্য ফাংশনের সংজ্ঞা এবং ফাংশন কল অবশ্যই তুলনা করে দেখতে হবে।",किसी फ़ंक्शन को गलत संख्या में आर्गुमेंट्स के साथ कॉल करने पर TypeError उत्पन्न होता है। Python में यह आवश्यक है कि दिए गए आर्गुमेंट्स की संख्या फ़ंक्शन सिग्नेचर में परिभाषित पैरामीटर्स की संख्या से मेल खाए। आर्गुमेंट्स की संख्या में एकरूपता सुनिश्चित करने के लिए फ़ंक्शन परिभाषा और फ़ंक्शन कॉल की तुलना करना आवश्यक है।,يحدث خطأ من نوع TypeError عند استدعاء دالة بعدد غير صحيح من الوسائط. يشترط بايثون أن يتطابق عدد الوسائط المُمرَّرة مع عدد المعاملات المُحدَّدة في تعريف الدالة. يجب مقارنة تعريف الدالة واستدعائها للتأكد من اتساق عدد الوسائط.,"ஒரு சார்பு தவறான எண்ணிக்கையிலான உள்ளீடுகளுடன் அழைக்கப்படும்போது, ​​அந்தச் சார்பு அழைப்பில் ஒரு வகைப்பிழை (TypeError) ஏற்படுகிறது. வழங்கப்படும் உள்ளீடுகளின் எண்ணிக்கை, சார்பு கையொப்பத்தில் வரையறுக்கப்பட்ட அளவுருக்களின் எண்ணிக்கையுடன் பொருந்த வேண்டும் என பைதான் எதிர்பார்க்கிறது. உள்ளீடுகளின் எண்ணிக்கை சீராக உள்ளதா என்பதை உறுதிப்படுத்த, சார்பு வரையறையையும் சார்பு அழைப்பையும் ஒப்பிட வேண்டும்.",Àṣìṣe Iru kan tí ó ní í ṣe pẹ̀lú ìpè iṣẹ́ kan máa ń ṣẹlẹ̀ nígbà tí a bá pe iṣẹ́ náà pẹ̀lú iye àríyànjiyàn tí kò tọ́. Python nílò pé iye àríyànjiyàn tí a pèsè bá iye àwọn pàrámítà tí a ṣàlàyé nínú ìfọwọ́sowọ́pọ̀ iṣẹ́ náà mu. A gbọ́dọ̀ fi ìtumọ̀ iṣẹ́ náà àti ìpè iṣẹ́ náà wéra láti rí i dájú pé iye àríyànjiyàn náà báramu.,,
T2-24,"A ValueError can occur when the program receives input from a user and attempts to convert it to a numeric type without validation. If the user enters a value that cannot be converted, the conversion raises an error. A try-except block should be used to handle this case and prompt the user to enter a valid value.","যখন প্রোগ্রাম ব্যবহারকারীর কাছ থেকে ইনপুট গ্রহণ করে এবং যাচাইকরণ ছাড়াই সেটিকে সংখ্যাসূচক ধরনে রূপান্তর করার চেষ্টা করে, তখন একটি ValueError ঘটতে পারে। যদি ব্যবহারকারী এমন কোনো মান প্রবেশ করান যা রূপান্তর করা সম্ভব নয়, তবে রূপান্তর প্রক্রিয়াটি একটি ত্রুটি দেখায়। এই পরিস্থিতি সামাল দিতে এবং ব্যবহারকারীকে একটি বৈধ মান প্রবেশ করানোর জন্য অনুরোধ করতে একটি try-except ব্লক ব্যবহার করা উচিত।","जब प्रोग्राम उपयोगकर्ता से इनपुट प्राप्त करता है और बिना सत्यापन के उसे संख्यात्मक प्रकार में परिवर्तित करने का प्रयास करता है, तो ValueError उत्पन्न हो सकता है। यदि उपयोगकर्ता ऐसा मान दर्ज करता है जिसे परिवर्तित नहीं किया जा सकता है, तो रूपांतरण में त्रुटि उत्पन्न होती है। इस स्थिति से निपटने और उपयोगकर्ता से मान्य मान दर्ज करने का अनुरोध करने के लिए try-except ब्लॉक का उपयोग किया जाना चाहिए।",قد يحدث خطأ ValueError عندما يستقبل البرنامج مدخلات من المستخدم ويحاول تحويلها إلى نوع رقمي دون التحقق من صحتها. إذا أدخل المستخدم قيمة لا يمكن تحويلها، فسيظهر خطأ أثناء عملية التحويل. يجب استخدام كتلة try-except لمعالجة هذه الحالة ومطالبة المستخدم بإدخال قيمة صحيحة.,"ஒரு நிரலானது பயனரிடமிருந்து உள்ளீட்டைப் பெற்று, அதைச் சரிபார்ப்பு இல்லாமல் எண் வகையாக மாற்ற முயற்சிக்கும்போது ValueError ஏற்படலாம். பயனர் மாற்ற முடியாத ஒரு மதிப்பை உள்ளிட்டால், அந்த மாற்றம் ஒரு பிழையை ஏற்படுத்தும். இந்தச் சூழலைக் கையாள்வதற்கும், சரியான மதிப்பை உள்ளிடுமாறு பயனரிடம் கேட்பதற்கும் ஒரு try-except தொகுதி பயன்படுத்தப்பட வேண்டும்.","Èròjà ValueError lè ṣẹlẹ̀ nígbà tí ètò náà bá gba ìfọwọ́sí láti ọ̀dọ̀ olùlò kan tí ó sì gbìyànjú láti yí i padà sí irú nọ́mbà láìsí ìfọwọ́sí. Tí olùlò bá tẹ iye tí a kò le yípadà, ìyípadà náà yóò fa àṣìṣe kan. Ó yẹ kí a lo block try-except láti bójútó ọ̀ràn yìí kí ó sì mú kí olùlò tẹ iye tí ó tọ́ sí i.",,
T2-25,"An AttributeError sometimes occurs because a method name has been spelled incorrectly. Python is case-sensitive, so a method called with a different capitalization will not be found on the object. The method name in the call must be verified against the documented methods for that data type.","কখনও কখনও মেথডের নাম ভুল বানানে লেখা হলে একটি AttributeError ঘটে। পাইথন কেস-সেনসিটিভ, তাই ভিন্ন ক্যাপিটালাইজেশনে কল করা কোনো মেথড অবজেক্টে খুঁজে পাওয়া যাবে না। কলে ব্যবহৃত মেথডের নামটি অবশ্যই সেই ডেটা টাইপের জন্য নথিভুক্ত মেথডগুলোর সাথে মিলিয়ে যাচাই করতে হবে।","कभी-कभी मेथड के नाम की वर्तनी गलत होने के कारण एट्रीब्यूट एरर आ जाता है। पायथन में केस-सेंसिटिविटी का ध्यान रखा जाता है, इसलिए अलग अक्षर से लिखे गए मेथड को ऑब्जेक्ट में नहीं पाया जा सकेगा। कॉल में मेथड के नाम की जाँच उस डेटा टाइप के लिए निर्धारित मेथड के अनुसार की जानी चाहिए।",يحدث خطأ AttributeError أحيانًا بسبب كتابة اسم الدالة بشكل خاطئ. لغة بايثون حساسة لحالة الأحرف، لذا لن يتم العثور على الدالة التي تم استدعاؤها بأحرف كبيرة أو صغيرة مختلفة في الكائن. يجب التحقق من اسم الدالة في الاستدعاء ومقارنته بالدوال الموثقة لنوع البيانات هذا.,"ஒரு மெத்தட் பெயர் தவறாக எழுதப்பட்டிருப்பதால் சில நேரங்களில் AttributeError ஏற்படுகிறது. பைத்தான் எழுத்து வேறுபாட்டைப் பொருட்படுத்தாது, எனவே வேறுபட்ட பெரிய எழுத்து அமைப்பில் அழைக்கப்படும் ஒரு மெத்தட், அந்த ஆப்ஜெக்ட்டில் கண்டறியப்படாது. அழைப்பில் உள்ள மெத்தட் பெயரானது, அந்தத் தரவு வகைக்கு ஆவணப்படுத்தப்பட்ட மெத்தட்களுடன் சரிபார்க்கப்பட வேண்டும்.","Àṣìṣe Àtinúdá kan máa ń ṣẹlẹ̀ nígbà míì nítorí pé a ti kọ orúkọ ọ̀nà kan ní ọ̀nà tí kò tọ́. Python ní ìrísí ọ̀rọ̀, nítorí náà, a kò ní rí ọ̀nà tí a pè pẹ̀lú lẹ́tà ńlá mìíràn lórí ohun náà. Orúkọ ọ̀nà tí a pè nínú ìpè náà gbọ́dọ̀ jẹ́rìí sí ní ìbámu pẹ̀lú àwọn ọ̀nà tí a kọ sílẹ̀ fún irú dátà yẹn.",,
T2-26,This IndexError occurs specifically when a program iterates over a list using an index variable and the index is incremented beyond the last valid position. The valid range for a list of length n is zero to n minus one. The loop condition must be set to stop before the index reaches the length of the list.,এই IndexError বিশেষভাবে তখনই ঘটে যখন কোনো প্রোগ্রাম একটি ইনডেক্স ভেরিয়েবল ব্যবহার করে একটি লিস্টের উপর পুনরাবৃত্তি করে এবং ইনডেক্সটি সর্বশেষ বৈধ অবস্থানের বাইরে বাড়ানো হয়। n দৈর্ঘ্যের একটি লিস্টের জন্য বৈধ পরিসীমা হলো শূন্য থেকে n বিয়োগ এক। ইনডেক্সটি লিস্টের দৈর্ঘ্যে পৌঁছানোর আগেই লুপটি থামার জন্য শর্তটি অবশ্যই সেট করতে হবে।,यह IndexError तब उत्पन्न होता है जब कोई प्रोग्राम इंडेक्स वेरिएबल का उपयोग करके किसी सूची पर पुनरावृति करता है और इंडेक्स को अंतिम वैध स्थिति से आगे बढ़ाया जाता है। n लंबाई की सूची के लिए वैध सीमा शून्य से n-एक तक होती है। लूप की स्थिति इस प्रकार निर्धारित की जानी चाहिए कि इंडेक्स सूची की लंबाई तक पहुँचने से पहले ही रुक जाए।,يحدث خطأ IndexError تحديدًا عندما يقوم البرنامج بالتكرار على قائمة باستخدام متغير فهرس، ويتم زيادة الفهرس إلى ما بعد آخر موضع صالح. النطاق الصالح لقائمة طولها n هو من صفر إلى n ناقص واحد. يجب ضبط شرط الحلقة للتوقف قبل أن يصل الفهرس إلى طول القائمة.,"ஒரு நிரலானது, குறியீட்டு மாறி ஒன்றைப் பயன்படுத்தி ஒரு பட்டியலின் மீது செயல்படும்போது, ​​அதன் குறியீடு கடைசி செல்லுபடியாகும் நிலையைத் தாண்டி அதிகரிக்கப்பட்டால், இந்த IndexError குறிப்பாக ஏற்படுகிறது. n நீளமுள்ள ஒரு பட்டியலுக்கான செல்லுபடியாகும் வரம்பு பூஜ்ஜியத்திலிருந்து n-1 வரை ஆகும். குறியீடு பட்டியலின் நீளத்தை அடையும் முன்பே சுழற்சியை நிறுத்துமாறு நிபந்தனை அமைக்கப்பட வேண்டும்.","Àṣìṣe Index yìí máa ń ṣẹlẹ̀ ní pàtàkì nígbà tí ètò kan bá ń yí padà lórí àkójọ kan nípa lílo oníyípadà index kan, tí a sì ń fi index náà pọ̀ sí i ju ipò tó wúlò tó kẹ́yìn lọ. Ìwọ̀n tó wúlò fún àkójọ gígùn n jẹ́ òdo sí n tí kò ní sí ọ̀kan. A gbọ́dọ̀ ṣètò ipò lupu láti dúró kí index tó dé gígùn àkójọ náà.",,
T2-27,A ZeroDivisionError in a loop can occur when a counter variable is used as a divisor and reaches zero during iteration. The loop or the expression must be structured so that division only occurs when the divisor holds a nonzero value. A conditional check inside the loop body can prevent the error.,"লুপের মধ্যে ZeroDivisionError তখন ঘটতে পারে, যখন একটি কাউন্টার ভেরিয়েবলকে ভাজক হিসেবে ব্যবহার করার সময় পুনরাবৃত্তির (iteration) সময় তার মান শূন্য হয়ে যায়। লুপ বা এক্সপ্রেশনটি এমনভাবে গঠন করতে হবে যাতে ভাজকের মান অশূন্য হলেই কেবল ভাগফল নির্ধারিত হয়। লুপের বডির ভেতরে একটি শর্তসাপেক্ষ যাচাই (conditional check) এই ত্রুটি প্রতিরোধ করতে পারে।",लूप में ज़ीरोडिवीजन एरर तब हो सकता है जब काउंटर वेरिएबल को भाजक के रूप में उपयोग किया जाता है और पुनरावृति के दौरान उसका मान शून्य हो जाता है। लूप या एक्सप्रेशन को इस प्रकार संरचित किया जाना चाहिए कि भाग केवल तभी हो जब भाजक का मान शून्य न हो। लूप के मुख्य भाग में एक सशर्त जाँच इस त्रुटि को रोक सकती है।,قد يحدث خطأ القسمة على صفر في حلقة تكرارية عندما يُستخدم متغير عداد كمقسوم عليه ويصل إلى الصفر أثناء التكرار. يجب هيكلة الحلقة أو التعبير بحيث لا تحدث القسمة إلا عندما يكون للمقسوم عليه قيمة غير صفرية. يمكن منع هذا الخطأ باستخدام شرط داخل جسم الحلقة.,"ஒரு சுழற்சியில், எண்ணி மாறி வகுப்பானாகப் பயன்படுத்தப்பட்டு, சுழற்சியின் போது பூஜ்ஜியத்தை அடையும்போது பூஜ்ஜிய வகுத்தல் பிழை (ZeroDivisionError) ஏற்படலாம். வகுப்பான் பூஜ்ஜியமற்ற மதிப்பைக் கொண்டிருக்கும்போது மட்டுமே வகுத்தல் நிகழும் வகையில் சுழற்சி அல்லது கோவையானது கட்டமைக்கப்பட வேண்டும். சுழற்சியின் உள்ளே ஒரு நிபந்தனைச் சரிபார்ப்பு இந்தப் பிழையைத் தடுக்க முடியும்.",Àṣìṣe ZeroDivision nínú lupu lè ṣẹlẹ̀ nígbà tí a bá lo oniyipada counter gẹ́gẹ́ bí pínpín tí ó sì dé òdo nígbà tí a bá ń ṣe àtúnṣe. Lupu tàbí gbólóhùn náà gbọ́dọ̀ wà ní ìṣètò kí ìpínkiri náà má baà wáyé nígbà tí pínpín náà bá ní iye tí kò ní òdo. Ṣíṣàyẹ̀wò àdéhùn nínú ara lupu náà lè dènà àṣìṣe náà.,,
T2-28,"A logical error involving boolean conditions can occur when or is used where and is required, or the reverse. The two operators produce different results when both conditions are evaluated together. Each logical operator in a compound condition must be chosen to reflect the exact relationship between the conditions.","বুলিয়ান শর্ত সম্পর্কিত একটি যৌক্তিক ত্রুটি তখন ঘটতে পারে যখন 'and'-এর পরিবর্তে 'or' ব্যবহার করা হয়, অথবা এর বিপরীতটি ঘটে। যখন উভয় শর্ত একসাথে মূল্যায়ন করা হয়, তখন এই দুটি অপারেটর ভিন্ন ফলাফল প্রদান করে। একটি যৌগিক শর্তের প্রতিটি যৌক্তিক অপারেটর এমনভাবে নির্বাচন করতে হবে যাতে শর্তগুলোর মধ্যেকার সঠিক সম্পর্কটি প্রতিফলিত হয়।","बूलियन स्थितियों से संबंधित तार्किक त्रुटि तब हो सकती है जब 'और' की जगह 'या' का प्रयोग किया जाता है, या इसके विपरीत। दोनों स्थितियों का एक साथ मूल्यांकन करने पर ये दोनों ऑपरेटर अलग-अलग परिणाम देते हैं। संयुक्त स्थिति में प्रत्येक तार्किक ऑपरेटर को स्थितियों के बीच सटीक संबंध को दर्शाने के लिए चुना जाना चाहिए।","قد يحدث خطأ منطقي في الشروط المنطقية عند استخدام عامل التشغيل ""أو"" بدلاً من ""و""، أو العكس. ينتج عن هذين العاملين نتائج مختلفة عند تقييم الشرطين معًا. يجب اختيار كل عامل تشغيل منطقي في الشرط المركب بحيث يعكس العلاقة الدقيقة بين الشرطين.","பூலியன் நிபந்தனைகள் தொடர்பான தருக்கப் பிழையானது, 'and' தேவைப்படும் இடத்தில் 'or' பயன்படுத்தப்படும்போதோ அல்லது அதன் நேர்மாறான நிலையிலோ ஏற்படலாம். இரண்டு நிபந்தனைகளும் ஒன்றாக மதிப்பிடப்படும்போது, ​​அந்த இரண்டு செயற்குறிகளும் வெவ்வேறு முடிவுகளைத் தருகின்றன. ஒரு கூட்டு நிபந்தனையில் உள்ள ஒவ்வொரு தருக்கச் செயற்குறியும், நிபந்தனைகளுக்கு இடையேயான துல்லியமான உறவைப் பிரதிபலிக்கும் வகையில் தேர்ந்தெடுக்கப்பட வேண்டும்.","Àṣìṣe tó bá àwọn ipò boolean mu lè ṣẹlẹ̀ nígbà tí a bá lò ó tàbí tí a bá lò ó níbi tí a sì nílò rẹ̀, tàbí nígbà tí a bá lò ó, tàbí nígbà tí a bá lò ó, tàbí nígbà tí a bá lò ó. Àwọn olùṣiṣẹ́ méjèèjì máa ń ṣe àbájáde tó yàtọ̀ síra nígbà tí a bá ṣe àyẹ̀wò àwọn ipò méjèèjì papọ̀. A gbọ́dọ̀ yan olùṣiṣẹ́ tó bá wà nínú ipò tó ní àdàpọ̀ láti fi ìbáṣepọ̀ tó wà láàárín àwọn ipò náà hàn.",,
T2-29,"This error occurs because a function has been defined to return a value only in certain branches of an if statement. When the condition is not met, the function returns None implicitly. Each branch of the function must be reviewed to ensure a value is returned in all cases.","এই ত্রুটিটি ঘটে কারণ একটি ফাংশনকে এমনভাবে সংজ্ঞায়িত করা হয়েছে যে এটি শুধুমাত্র if স্টেটমেন্টের নির্দিষ্ট কিছু শাখায় মান রিটার্ন করবে। যখন শর্তটি পূরণ হয় না, তখন ফাংশনটি স্বয়ংক্রিয়ভাবে None রিটার্ন করে। সব ক্ষেত্রে যেন একটি মান রিটার্ন করা হয়, তা নিশ্চিত করার জন্য ফাংশনটির প্রতিটি শাখা পর্যালোচনা করতে হবে।","यह त्रुटि इसलिए होती है क्योंकि किसी फ़ंक्शन को if स्टेटमेंट की कुछ निश्चित शाखाओं में ही मान लौटाने के लिए परिभाषित किया गया है। जब यह शर्त पूरी नहीं होती, तो फ़ंक्शन स्वतः ही None लौटा देता है। यह सुनिश्चित करने के लिए फ़ंक्शन की प्रत्येक शाखा की समीक्षा की जानी चाहिए कि सभी मामलों में मान लौटाया जाए।",يحدث هذا الخطأ لأن الدالة مُعرّفة بحيث تُعيد قيمةً فقط في بعض فروع عبارة if. عندما لا يتحقق الشرط، تُعيد الدالة القيمة None ضمنيًا. يجب مراجعة كل فرع من فروع الدالة للتأكد من إعادة قيمة في جميع الحالات.,"ஒரு if கூற்றின் குறிப்பிட்ட சில கிளைகளில் மட்டும் ஒரு மதிப்பைத் திருப்பியளிக்குமாறு ஒரு சார்பு வரையறுக்கப்பட்டுள்ளதால் இந்தப் பிழை ஏற்படுகிறது. அந்த நிபந்தனை பூர்த்தி செய்யப்படாதபோது, ​​அந்தச் சார்பு மறைமுகமாக None-ஐத் திருப்பியளிக்கிறது. எல்லாச் சூழல்களிலும் ஒரு மதிப்பு திருப்பியளிக்கப்படுவதை உறுதிசெய்ய, சார்பின் ஒவ்வொரு கிளையும் சரிபார்க்கப்பட வேண்டும்.","Àṣìṣe yìí máa ń ṣẹlẹ̀ nítorí pé a ti ṣàlàyé iṣẹ́ kan láti dá iye kan padà ní àwọn ẹ̀ka kan pàtó nínú gbólóhùn if. Tí a kò bá ti ṣe àdéhùn náà tán, iṣẹ́ náà yóò dá Kò sí padà láìsí ìkọ̀kọ̀. A gbọ́dọ̀ ṣe àtúnyẹ̀wò ẹ̀ka iṣẹ́ kọ̀ọ̀kan láti rí i dájú pé a dá iye kan padà ní gbogbo ìgbà.",,
T2-30,"A NameError can occur when a function is called before it is defined in the file. Python executes code from top to bottom, so a function must be defined before any line that calls it. The position of the function definition relative to its first call must be checked.","ফাইলে কোনো ফাংশন সংজ্ঞায়িত করার আগে সেটিকে কল করা হলে NameError ঘটতে পারে। পাইথন উপর থেকে নিচে কোড কার্যকর করে, তাই একটি ফাংশনকে অবশ্যই সেই লাইনের আগে সংজ্ঞায়িত করতে হবে যেখান থেকে এটিকে কল করা হয়। ফাংশনটির প্রথম কলের সাপেক্ষে এর সংজ্ঞার অবস্থান অবশ্যই যাচাই করতে হবে।","NameError तब हो सकता है जब किसी फ़ंक्शन को फ़ाइल में परिभाषित किए जाने से पहले ही कॉल किया जाता है। पायथन कोड को ऊपर से नीचे की ओर निष्पादित करता है, इसलिए किसी फ़ंक्शन को कॉल करने वाली किसी भी पंक्ति से पहले उसे परिभाषित किया जाना चाहिए। फ़ंक्शन की परिभाषा की स्थिति को उसके पहले कॉल के सापेक्ष जांचना आवश्यक है।",قد يحدث خطأ في الاسم (NameError) عند استدعاء دالة قبل تعريفها في الملف. ينفذ بايثون التعليمات البرمجية من الأعلى إلى الأسفل، لذا يجب تعريف الدالة قبل أي سطر يستدعيها. يجب التحقق من موضع تعريف الدالة بالنسبة لأول استدعاء لها.,"ஒரு கோப்பில் ஒரு செயல்பாடு வரையறுக்கப்படுவதற்கு முன்பே அது அழைக்கப்படும்போது NameError ஏற்படலாம். பைத்தான் குறியீட்டை மேலிருந்து கீழாகச் செயல்படுத்துவதால், ஒரு செயல்பாட்டை அழைக்கும் எந்தவொரு வரிக்கும் முன்பாக அது வரையறுக்கப்பட்டிருக்க வேண்டும். செயல்பாட்டின் வரையறையானது, அது முதன்முதலில் அழைக்கப்பட்டதிலிருந்து அதன் நிலையைச் சரிபார்க்க வேண்டும்.","Àṣìṣe NameError lè ṣẹlẹ̀ nígbà tí a bá pe iṣẹ́ kan kí a tó ṣàlàyé rẹ̀ nínú fáìlì náà. Python máa ń ṣe kódì láti òkè dé ìsàlẹ̀, nítorí náà, a gbọ́dọ̀ ṣàlàyé iṣẹ́ kan kí a tó lè pe ìlà kan. A gbọ́dọ̀ ṣàyẹ̀wò ipò ìtumọ̀ iṣẹ́ náà ní ìbámu pẹ̀lú ìpè àkọ́kọ́ rẹ̀.",,
T3-01,"A variable is a name that refers to a value stored in memory. In Python, a variable is created at the moment a value is assigned to it using the equals sign. The same variable name can be reassigned to a new value at any point in the program, and the old value is replaced. For example, if a variable named score is assigned the value ten, and is then reassigned the value twenty, the variable now holds the value twenty. Variables allow programs to store and reuse values without writing those values repeatedly.","ভেরিয়েবল হলো একটি নাম যা মেমরিতে সংরক্ষিত একটি মানকে নির্দেশ করে। পাইথনে, ইকুয়ালস সাইন (equals sign) ব্যবহার করে কোনো ভেরিয়েবলে মান অ্যাসাইন করার মুহূর্তে সেটি তৈরি হয়। প্রোগ্রামের যেকোনো পর্যায়ে একই ভেরিয়েবলের নামে নতুন কোনো মান পুনরায় অ্যাসাইন করা যায় এবং পুরোনো মানটি প্রতিস্থাপিত হয়ে যায়। উদাহরণস্বরূপ, যদি 'score' নামের একটি ভেরিয়েবলে 'ten' মানটি অ্যাসাইন করা হয় এবং পরে 'twenty' মানটি পুনরায় অ্যাসাইন করা হয়, তাহলে ভেরিয়েবলটি এখন 'twenty' মানটি ধারণ করবে। ভেরিয়েবল প্রোগ্রামকে বারবার মান না লিখে সেগুলো সংরক্ষণ এবং পুনরায় ব্যবহার করার সুযোগ দেয়।","वेरिएबल एक ऐसा नाम है जो मेमोरी में संग्रहीत मान को संदर्भित करता है। पायथन में, एक वेरिएबल तब बनता है जब उसे बराबर के चिह्न का उपयोग करके कोई मान असाइन किया जाता है। प्रोग्राम में किसी भी समय उसी वेरिएबल नाम को एक नया मान असाइन किया जा सकता है, और पुराना मान बदल जाता है। उदाहरण के लिए, यदि स्कोर नामक वेरिएबल को दस का मान असाइन किया जाता है, और फिर उसे बीस का मान असाइन किया जाता है, तो वेरिएबल में अब बीस का मान रहेगा। वेरिएबल प्रोग्राम को मानों को बार-बार लिखे बिना उन्हें संग्रहीत और पुनः उपयोग करने की अनुमति देते हैं।","المتغير هو اسم يشير إلى قيمة مخزنة في الذاكرة. في لغة بايثون، يُنشأ المتغير عند إسناد قيمة إليه باستخدام علامة المساواة. يمكن إعادة إسناد قيمة جديدة لنفس اسم المتغير في أي مرحلة من البرنامج، وتُستبدل القيمة القديمة. على سبيل المثال، إذا أُسندت القيمة ""عشرة"" إلى متغير اسمه ""score""، ثم أُعيد إسناد القيمة ""عشرون"" إليه، فسيصبح المتغير يحمل القيمة ""عشرون"". تُمكّن المتغيرات البرامج من تخزين القيم وإعادة استخدامها دون الحاجة إلى كتابتها بشكل متكرر.","மாறி என்பது நினைவகத்தில் சேமிக்கப்பட்ட ஒரு மதிப்பைக் குறிக்கும் பெயர். பைத்தானில், சமக்குறியைப் பயன்படுத்தி ஒரு மதிப்பு ஒதுக்கப்படும் தருணத்தில் ஒரு மாறி உருவாக்கப்படுகிறது. நிரலில் எந்த நேரத்திலும் அதே மாறிப் பெயருக்கு ஒரு புதிய மதிப்பை மீண்டும் ஒதுக்கலாம், மேலும் பழைய மதிப்பு மாற்றப்படும். எடுத்துக்காட்டாக, 'score' என்ற பெயருடைய ஒரு மாறிக்கு 'ten' என்ற மதிப்பு ஒதுக்கப்பட்டு, பின்னர் 'twenty' என்ற மதிப்பு மீண்டும் ஒதுக்கப்பட்டால், அந்த மாறி இப்போது 'twenty' என்ற மதிப்பைக் கொண்டிருக்கும். மாறிகள், நிரல்கள் மதிப்புகளை மீண்டும் மீண்டும் எழுதாமல், அவற்றைச் சேமித்து மீண்டும் பயன்படுத்த அனுமதிக்கின்றன.","Onírúurú jẹ́ orúkọ kan tí ó ń tọ́ka sí iye tí a tọ́jú sínú ìrántí. Nínú Python, a máa ń ṣẹ̀dá onírúurú kan ní àkókò tí a bá fi iye kan fún un nípa lílo àmì ìdọ́gba. Orúkọ onírúurú kan náà ni a lè tún yàn sí iye tuntun ní ibikíbi nínú ètò náà, a sì rọ́pò iye àtijọ́ náà. Fún àpẹẹrẹ, tí a bá fún onírúurú kan tí a pè ní àmì mẹ́wàá, tí a sì tún fún ní iye ogún náà, onírúurú náà ti di iye ogún náà mú báyìí. Àwọn onírúurú gba àwọn ètò láàyè láti tọ́jú àti tún àwọn iye náà lò láìkọ àwọn iye wọ̀nyẹn léraléra.",,
T3-02,"An integer is a whole number with no decimal component, such as five, negative three, or zero. In Python, integers can be used in arithmetic operations including addition, subtraction, multiplication, and division. A string is a sequence of characters enclosed in quotation marks, such as the word ""hello"" or the phrase ""list index out of range"". Python treats integers and strings as fundamentally different types, and operations that mix them without explicit conversion will raise a TypeError. Understanding the distinction between integers and strings is essential for writing correct Python programs.","ইন্টিজার হলো দশমিক অংশ ছাড়া একটি পূর্ণ সংখ্যা, যেমন পাঁচ, ঋণাত্মক তিন বা শূন্য। পাইথনে, যোগ, বিয়োগ, গুণ এবং ভাগ সহ গাণিতিক ক্রিয়াকলাপে ইন্টিজার ব্যবহার করা যায়। স্ট্রিং হলো উদ্ধৃতি চিহ্নের মধ্যে থাকা অক্ষরের একটি ক্রম, যেমন ""hello"" শব্দটি বা ""list index out of range"" বাক্যটি। পাইথন ইন্টিজার এবং স্ট্রিংকে মৌলিকভাবে ভিন্ন টাইপ হিসেবে বিবেচনা করে, এবং সুস্পষ্ট রূপান্তর ছাড়া এদের মিশ্রিত করলে TypeError দেখা দেয়। সঠিক পাইথন প্রোগ্রাম লেখার জন্য ইন্টিজার এবং স্ট্রিং-এর মধ্যে পার্থক্য বোঝা অপরিহার্য।","पूर्णांक एक पूर्ण संख्या होती है जिसमें दशमलव नहीं होता, जैसे पाँच, ऋणात्मक तीन या शून्य। पायथन में, पूर्णांकों का उपयोग जोड़, घटाव, गुणा और भाग सहित अंकगणितीय संक्रियाओं में किया जा सकता है। स्ट्रिंग अक्षरों का एक क्रम होता है जो उद्धरण चिह्नों में बंद होता है, जैसे ""hello"" शब्द या ""list index out of range"" वाक्यांश। पायथन पूर्णांकों और स्ट्रिंगों को मौलिक रूप से भिन्न प्रकार मानता है, और स्पष्ट रूपांतरण के बिना उन्हें मिलाने वाली संक्रियाएँ TypeError उत्पन्न करेंगी। सही पायथन प्रोग्राम लिखने के लिए पूर्णांकों और स्ट्रिंगों के बीच अंतर को समझना आवश्यक है।","العدد الصحيح هو عدد كامل بدون أي جزء عشري، مثل خمسة، أو سالب ثلاثة، أو صفر. في لغة بايثون، يمكن استخدام الأعداد الصحيحة في العمليات الحسابية، بما في ذلك الجمع والطرح والضرب والقسمة. أما السلسلة النصية فهي عبارة عن سلسلة من الأحرف محصورة بين علامتي اقتباس، مثل كلمة ""hello"" أو عبارة ""list index out of range"". تتعامل بايثون مع الأعداد الصحيحة والسلاسل النصية كنوعين مختلفين تمامًا، وأي عملية تخلط بينهما دون تحويل صريح ستؤدي إلى ظهور خطأ من نوع TypeError. يُعد فهم الفرق بين الأعداد الصحيحة والسلاسل النصية أمرًا أساسيًا لكتابة برامج بايثون صحيحة.","ஐந்து, -3 அல்லது பூஜ்ஜியம் போன்ற, தசமப் பகுதி இல்லாத ஒரு முழு எண் முழு எண் (integer) ஆகும். பைத்தானில், கூட்டல், கழித்தல், பெருக்கல் மற்றும் வகுத்தல் உள்ளிட்ட எண்கணிதச் செயல்பாடுகளில் முழு எண்களைப் பயன்படுத்தலாம். சரம் (string) என்பது மேற்கோள் குறிகளுக்குள் உள்ள எழுத்துகளின் வரிசையாகும், எடுத்துக்காட்டாக ""hello"" என்ற சொல் அல்லது ""list index out of range"" என்ற சொற்றொடர். பைத்தான் முழு எண்களையும் சரங்களையும் அடிப்படையில் வெவ்வேறு வகைகளாகக் கருதுகிறது, மேலும் வெளிப்படையான மாற்றம் இல்லாமல் அவற்றைக் கலக்கும் செயல்பாடுகள் ஒரு TypeError-ஐ ஏற்படுத்தும். சரியான பைத்தான் நிரல்களை எழுத, முழு எண்களுக்கும் சரங்களுக்கும் இடையிலான வேறுபாட்டைப் புரிந்துகொள்வது அவசியம்.","Nọ́ńbà odidi jẹ́ nọ́ńbà odidi tí kò ní ìpín déédéèmù, bíi márùn-ún, òdì mẹ́ta, tàbí òdo. Nínú Python, a lè lo nọ́ńbà odidi nínú iṣẹ́ ìṣirò pẹ̀lú ìfikún, ìyọkúrò, ìsọdipúpọ̀, àti pípín. Okùn jẹ́ ìtẹ̀léra àwọn ohun kikọ tí a fi àmì ìsọdipúpọ̀ sí, bíi ọ̀rọ̀ náà ""hello"" tàbí gbólóhùn náà ""àkójọ àkójọ tí kò sí ní ìpele"". Python ń wo nọ́ńbà odidi àti àwọn okùn gẹ́gẹ́ bí oríṣiríṣi, àti àwọn iṣẹ́ tí ó dapọ̀ wọn láìsí ìyípadà tí ó ṣe kedere yóò gbé TypeError dìde. Lílóye ìyàtọ̀ láàrín nọ́ńbà odidi àti àwọn okùn ṣe pàtàkì fún kíkọ àwọn ètò Python tí ó tọ́.",,
T3-03,"A float is a number that includes a decimal point, such as three point fourteen or negative zero point five. Python uses floats when a calculation requires fractional precision. A boolean is a value that is either True or False, and is used to represent the result of a logical comparison. For example, the expression five greater than three evaluates to the boolean value True. Booleans are used in conditional statements to control which parts of a program are executed.","ফ্লোট হলো এমন একটি সংখ্যা যার মধ্যে দশমিক বিন্দু থাকে, যেমন তিন দশমিক চৌদ্দ বা ঋণাত্মক শূন্য দশমিক পাঁচ। যখন কোনো গণনার জন্য ভগ্নাংশের নির্ভুলতার প্রয়োজন হয়, তখন পাইথন ফ্লোট ব্যবহার করে। বুলিয়ান হলো এমন একটি মান যা হয় True অথবা False, এবং এটি একটি যৌক্তিক তুলনার ফলাফল প্রকাশ করতে ব্যবহৃত হয়। উদাহরণস্বরূপ, ‘পাঁচ তিনের চেয়ে বড়’ এই এক্সপ্রেশনটির বুলিয়ান মান হলো True। প্রোগ্রামের কোন অংশগুলো কার্যকর হবে তা নিয়ন্ত্রণ করার জন্য শর্তসাপেক্ষ স্টেটমেন্টে বুলিয়ান ব্যবহার করা হয়।","फ्लोट एक ऐसी संख्या है जिसमें दशमलव बिंदु शामिल होता है, जैसे कि तीन दशमलव चौदह या -0 दशमलव पाँच। पाइथन में फ्लोट का उपयोग तब किया जाता है जब गणना में भिन्नात्मक परिशुद्धता की आवश्यकता होती है। बूलियन एक ऐसा मान है जो या तो सत्य (True) या असत्य (False) होता है, और इसका उपयोग तार्किक तुलना के परिणाम को दर्शाने के लिए किया जाता है। उदाहरण के लिए, ""पांच तीन से बड़ा"" (5) का बूलियन मान सत्य (True) होता है। बूलियन का उपयोग सशर्त कथनों में प्रोग्राम के किन भागों को निष्पादित किया जाए, इसे नियंत्रित करने के लिए किया जाता है।","العدد العشري هو عدد يتضمن فاصلة عشرية، مثل 3.14 أو -0.5. يستخدم بايثون الأعداد العشرية عندما تتطلب العمليات الحسابية دقة كسرية. أما القيمة المنطقية فهي قيمة إما صحيحة أو خاطئة، وتُستخدم لتمثيل نتيجة مقارنة منطقية. على سبيل المثال، التعبير ""خمسة أكبر من ثلاثة"" يُقيّم إلى القيمة المنطقية ""صحيح"". تُستخدم القيم المنطقية في العبارات الشرطية للتحكم في أجزاء البرنامج التي يتم تنفيذها.","ஃப்ளோட் என்பது தசமப் புள்ளியைக் கொண்ட ஒரு எண் ஆகும், எடுத்துக்காட்டாக மூன்று புள்ளி பதினான்கு அல்லது -0.5. ஒரு கணக்கீட்டிற்கு பின்னத் துல்லியம் தேவைப்படும்போது பைதான் ஃப்ளோட்களைப் பயன்படுத்துகிறது. பூலியன் என்பது True அல்லது False ஆக இருக்கும் ஒரு மதிப்பாகும், மேலும் இது ஒரு தருக்க ஒப்பீட்டின் முடிவைக் குறிக்கப் பயன்படுகிறது. எடுத்துக்காட்டாக, 'ஐந்து மூன்றை விடப் பெரியது' என்ற கோவையானது True என்ற பூலியன் மதிப்பைத் தருகிறது. ஒரு நிரலின் எந்தப் பகுதிகள் செயல்படுத்தப்பட வேண்டும் என்பதைக் கட்டுப்படுத்த, நிபந்தனைக் கூற்றுகளில் பூலியன்கள் பயன்படுத்தப்படுகின்றன.","Float jẹ́ nọ́mbà kan tí ó ní àmì ìdámẹ́ta, bíi àmì mẹ́ta mẹ́rìnlá tàbí àmì òdo ààbọ̀. Python máa ń lo àwọn floats nígbà tí ìṣirò bá nílò ìpele ìpín. Boolean jẹ́ iye kan tí ó jẹ́ Òótọ́ tàbí Èké, a sì máa ń lò ó láti ṣe àfihàn àbájáde ìfiwéra tí ó bá ọgbọ́n mu. Fún àpẹẹrẹ, gbólóhùn márùn-ún tí ó ju mẹ́ta lọ ń ṣe àyẹ̀wò iye boolean náà ní Òótọ́. A máa ń lo àwọn Boolean nínú àwọn gbólóhùn àfikún láti ṣàkóso àwọn apá ètò kan tí a ṣe.",,
T3-04,"A list is an ordered collection of values stored under a single variable name. In Python, a list is created by placing values separated by commas inside square brackets. The values in a list are called elements, and each element is associated with a position called an index. Indices begin at zero, so the first element of a list is at index zero, the second element is at index one, and so on. For example, a list containing the values ten, twenty, and thirty would have the element ten at index zero and the element thirty at index two.","লিস্ট হলো একটি ক্রমবিন্যস্ত ভ্যালুর সংগ্রহ যা একটিমাত্র ভেরিয়েবলের নামে সংরক্ষিত থাকে। পাইথনে, স্কয়ার ব্র্যাকেটের (square brackets) মধ্যে কমা দিয়ে ভ্যালুগুলো আলাদা করে রেখে একটি লিস্ট তৈরি করা হয়। একটি লিস্টের ভ্যালুগুলোকে এলিমেন্ট (element) বলা হয় এবং প্রতিটি এলিমেন্টের সাথে একটি অবস্থান যুক্ত থাকে, যাকে ইনডেক্স (index) বলা হয়। ইনডেক্স শূন্য থেকে শুরু হয়, তাই একটি লিস্টের প্রথম এলিমেন্টটি শূন্য ইনডেক্সে, দ্বিতীয় এলিমেন্টটি এক ইনডেক্সে এবং এভাবেই চলতে থাকে। উদাহরণস্বরূপ, দশ, বিশ এবং ত্রিশ ভ্যালুযুক্ত একটি লিস্টে দশ এলিমেন্টটি শূন্য ইনডেক্সে এবং ত্রিশ এলিমেন্টটি দুই ইনডেক্সে থাকবে।","लिस्ट एक क्रमबद्ध संग्रह है जिसमें एक ही वेरिएबल नाम के अंतर्गत मान संग्रहित होते हैं। पायथन में, लिस्ट बनाने के लिए, मानों को कॉमा से अलग करके वर्ग कोष्ठक में रखा जाता है। लिस्ट में मौजूद मानों को एलिमेंट कहा जाता है, और प्रत्येक एलिमेंट एक निश्चित स्थान से जुड़ा होता है जिसे इंडेक्स कहते हैं। इंडेक्स शून्य से शुरू होते हैं, इसलिए लिस्ट का पहला एलिमेंट शून्य इंडेक्स पर, दूसरा एलिमेंट एक इंडेक्स पर, और इसी प्रकार आगे बढ़ता है। उदाहरण के लिए, दस, बीस और तीस मानों वाली लिस्ट में दस का एलिमेंट शून्य इंडेक्स पर और तीस का एलिमेंट दो इंडेक्स पर होगा।",القائمة هي مجموعة مرتبة من القيم المخزنة تحت اسم متغير واحد. في لغة بايثون، تُنشأ القائمة بوضع القيم مفصولة بفواصل داخل أقواس مربعة. تُسمى القيم في القائمة عناصر، ويرتبط كل عنصر بموقع يُسمى فهرسًا. تبدأ الفهارس من الصفر، لذا فإن العنصر الأول في القائمة يكون عند الفهرس صفر، والعنصر الثاني عند الفهرس واحد، وهكذا. على سبيل المثال، قائمة تحتوي على القيم عشرة، وعشرين، وثلاثين، سيكون العنصر عشرة عند الفهرس صفر، والعنصر ثلاثين عند الفهرس اثنين.,"பட்டியல் என்பது ஒரே மாறிப் பெயரின் கீழ் சேமிக்கப்படும் மதிப்புகளின் வரிசைப்படுத்தப்பட்ட தொகுப்பாகும். பைத்தானில், சதுர அடைப்புக்குறிகளுக்குள் காற்புள்ளிகளால் பிரிக்கப்பட்ட மதிப்புகளை வைப்பதன் மூலம் ஒரு பட்டியல் உருவாக்கப்படுகிறது. ஒரு பட்டியலில் உள்ள மதிப்புகள் உறுப்புகள் என்று அழைக்கப்படுகின்றன, மேலும் ஒவ்வொரு உறுப்பும் சுட்டெண் எனப்படும் ஒரு நிலையுடன் தொடர்புடையது. சுட்டெண்கள் பூஜ்ஜியத்தில் தொடங்குகின்றன, எனவே ஒரு பட்டியலின் முதல் உறுப்பு சுட்டெண் பூஜ்ஜியத்திலும், இரண்டாவது உறுப்பு சுட்டெண் ஒன்றிலும், இப்படியே தொடரும். எடுத்துக்காட்டாக, பத்து, இருபது மற்றும் முப்பது ஆகிய மதிப்புகளைக் கொண்ட ஒரு பட்டியலில், பத்து என்ற உறுப்பு சுட்டெண் பூஜ்ஜியத்திலும், முப்பது என்ற உறுப்பு சுட்டெண் இரண்டிலும் இருக்கும்.","Àkójọ kan jẹ́ àkójọ àwọn iye tí a tòjọ sí ìtòlẹ́sẹẹsẹ tí a tọ́jú lábẹ́ orúkọ oníyípadà kan. Nínú Python, a ṣẹ̀dá àkójọ kan nípa fífi àwọn iye tí a yà sọ́tọ̀ nípasẹ̀ àmì ìdámọ̀ sínú àwọn àmì onígun mẹ́rin. Àwọn iye tí ó wà nínú àkójọ kan ni a ń pè ní àwọn element, àti pé ohun kọ̀ọ̀kan ní í ṣe pẹ̀lú ipò tí a ń pè ní index. Àwọn indices bẹ̀rẹ̀ ní odo, nítorí náà ohun àkọ́kọ́ nínú àkójọ kan wà ní index zero, element kejì wà ní index one, àti bẹ́ẹ̀ bẹ́ẹ̀ lọ. Fún àpẹẹrẹ, àkójọ tí ó ní àwọn iye mẹ́wàá, ogún, àti ọgbọ̀n yóò ní another 10 ní index zero àti another 30 ní index each.",,
T3-05,"List indexing allows a program to retrieve or modify a specific element in a list by referring to its index. In Python, an index is written inside square brackets immediately after the list variable name. A negative index counts from the end of the list, so an index of negative one refers to the last element. Attempting to access an index that does not exist in the list will raise an IndexError. The length of a list can be found using the len() function, which helps determine the valid range of indices.","লিস্ট ইনডেক্সিং একটি প্রোগ্রামকে কোনো লিস্টের নির্দিষ্ট এলিমেন্টকে তার ইনডেক্স উল্লেখ করে পুনরুদ্ধার বা পরিবর্তন করার সুযোগ দেয়। পাইথনে, লিস্ট ভেরিয়েবলের নামের ঠিক পরেই স্কয়ার ব্র্যাকেটের মধ্যে ইনডেক্স লেখা হয়। একটি নেগেটিভ ইনডেক্স লিস্টের শেষ থেকে গণনা করা হয়, তাই নেগেটিভ এক ইনডেক্সটি শেষ এলিমেন্টকে বোঝায়। লিস্টে নেই এমন কোনো ইনডেক্স অ্যাক্সেস করার চেষ্টা করলে একটি IndexError দেখা দেবে। len() ফাংশন ব্যবহার করে একটি লিস্টের দৈর্ঘ্য বের করা যায়, যা ইনডেক্সগুলোর বৈধ পরিসীমা নির্ধারণ করতে সাহায্য করে।","लिस्ट इंडेक्सिंग की मदद से प्रोग्राम किसी लिस्ट के इंडेक्स का इस्तेमाल करके उसमें मौजूद किसी खास एलिमेंट को एक्सेस या मॉडिफाई कर सकता है। पायथन में, इंडेक्स को लिस्ट वेरिएबल के नाम के ठीक बाद स्क्वायर ब्रैकेट में लिखा जाता है। नेगेटिव इंडेक्स लिस्ट के आखिर से गिना जाता है, इसलिए -1 का इंडेक्स आखिरी एलिमेंट को दर्शाता है। लिस्ट में मौजूद न होने वाले इंडेक्स को एक्सेस करने की कोशिश करने पर IndexError आएगा। लिस्ट की लंबाई len() फंक्शन से पता की जा सकती है, जो इंडेक्स की मान्य रेंज तय करने में मदद करता है।",يُمكّن فهرسة القوائم البرنامج من استرجاع أو تعديل عنصر مُحدد في قائمة بالرجوع إلى فهرسه. في بايثون، يُكتب الفهرس بين قوسين مربعين مباشرةً بعد اسم متغير القائمة. يبدأ العد من نهاية القائمة عند الفهرس السالب، لذا فإن الفهرس -1 يُشير إلى العنصر الأخير. محاولة الوصول إلى فهرس غير موجود في القائمة ستؤدي إلى ظهور خطأ IndexError. يُمكن إيجاد طول القائمة باستخدام الدالة len()، التي تُساعد في تحديد النطاق الصحيح للفهارس.,"பட்டியல் குறியீடாக்கம், ஒரு நிரலானது ஒரு பட்டியலில் உள்ள ஒரு குறிப்பிட்ட உறுப்பை அதன் குறியீட்டைக் கொண்டு மீட்டெடுக்க அல்லது மாற்றியமைக்க அனுமதிக்கிறது. பைத்தானில், ஒரு குறியீடு என்பது பட்டியல் மாறிப் பெயருக்குப் பிறகு உடனடியாக சதுர அடைப்புக்குறிகளுக்குள் எழுதப்படுகிறது. ஒரு எதிர்மறை குறியீடு பட்டியலின் முடிவிலிருந்து கணக்கிடப்படுகிறது, எனவே எதிர்மறை ஒன்று என்ற குறியீடு கடைசி உறுப்பைக் குறிக்கிறது. பட்டியலில் இல்லாத ஒரு குறியீட்டை அணுக முயற்சிப்பது ஒரு IndexError-ஐ ஏற்படுத்தும். ஒரு பட்டியலின் நீளத்தை len() செயல்பாட்டைப் பயன்படுத்தி கண்டறியலாம், இது குறியீடுகளின் சரியான வரம்பைத் தீர்மானிக்க உதவுகிறது.","Ṣíṣe àtòjọ àtòjọ ń jẹ́ kí ètò kan gba ohun kan pàtó nínú àtòjọ kan tàbí kí ó ṣe àtúnṣe sí àtòjọ rẹ̀. Nínú Python, a máa ń kọ àtòjọ sínú àwọn àmì onígun mẹ́rin lẹ́sẹ̀kẹsẹ̀ lẹ́yìn orúkọ oníyípadà àtòjọ náà. Àtòjọ oní odi kan ń kà láti òpin àtòjọ náà, nítorí náà àtòjọ oní odi kan ń tọ́ka sí ohun tó kẹ́yìn. Gbígbìyànjú láti wọ inú àtòjọ kan tí kò sí nínú àtòjọ náà yóò gbé Àṣìṣe Index kan dìde. A lè rí gígùn àtòjọ kan nípa lílo iṣẹ́ len(), èyí tí ó ń ran lọ́wọ́ láti mọ ìwọ̀n àwọn àtòjọ tó wúlò.",,
T3-06,"A conditional statement allows a program to execute different code depending on whether a condition is true or false. In Python, a conditional statement begins with the keyword if, followed by a condition and a colon. The code that should run when the condition is true is placed on the next line, indented by one level. The elif keyword allows additional conditions to be checked if the first condition is false. The else keyword provides code that runs when none of the preceding conditions are true.","একটি কন্ডিশনাল স্টেটমেন্ট কোনো শর্ত সত্য বা মিথ্যা হওয়ার উপর নির্ভর করে প্রোগ্রামকে ভিন্ন কোড এক্সিকিউট করার সুযোগ দেয়। পাইথনে, একটি কন্ডিশনাল স্টেটমেন্ট `if` কীওয়ার্ড দিয়ে শুরু হয়, যার পরে শর্তটি এবং একটি কোলন (:) থাকে। শর্তটি সত্য হলে যে কোডটি রান করবে, তা পরবর্তী লাইনে এক লেভেল ইনডেন্ট করে রাখা হয়। `elif` কীওয়ার্ডটি প্রথম শর্তটি মিথ্যা হলে অতিরিক্ত শর্তগুলো যাচাই করার সুযোগ দেয়। `else` কীওয়ার্ডটি এমন কোড রান করার সুযোগ দেয়, যা পূর্ববর্তী কোনো শর্তই সত্য না হলে রান করে।","सशर्त कथन किसी प्रोग्राम को किसी शर्त के सही या गलत होने के आधार पर अलग-अलग कोड निष्पादित करने की अनुमति देता है। पायथन में, सशर्त कथन 'if' कीवर्ड से शुरू होता है, जिसके बाद एक शर्त और एक कोलन (:) आता है। शर्त सही होने पर चलने वाला कोड अगली पंक्ति में एक स्तर अंदर की ओर रखा जाता है। 'elif' कीवर्ड पहली शर्त के गलत होने पर अतिरिक्त शर्तों की जाँच करने की अनुमति देता है। 'else' कीवर्ड वह कोड प्रदान करता है जो तब चलता है जब पिछली कोई भी शर्त सही नहीं होती है।",تسمح العبارة الشرطية للبرنامج بتنفيذ تعليمات برمجية مختلفة بناءً على صحة أو خطأ شرط معين. في لغة بايثون، تبدأ العبارة الشرطية بالكلمة المفتاحية if، متبوعةً بالشرط ثم نقطتين رأسيتين. يُكتب الكود الذي يُفترض تنفيذه عند صحة الشرط في السطر التالي، مع إزاحة بمقدار مستوى واحد. تسمح الكلمة المفتاحية elif بالتحقق من شروط إضافية إذا كان الشرط الأول خاطئًا. أما الكلمة المفتاحية else فتُستخدم لتنفيذ الكود عندما لا يكون أي من الشروط السابقة صحيحًا.,"ஒரு நிபந்தனைக் கூற்று, ஒரு நிபந்தனை உண்மையாக உள்ளதா அல்லது பொய்யாக உள்ளதா என்பதைப் பொறுத்து, ஒரு நிரல் வெவ்வேறு குறியீடுகளை இயக்க அனுமதிக்கிறது. பைத்தானில், ஒரு நிபந்தனைக் கூற்று 'if' என்ற முக்கியச்சொல்லுடன் தொடங்கி, அதைத் தொடர்ந்து ஒரு நிபந்தனையும் ஒரு பெருங்குறியும் (:) வரும். நிபந்தனை உண்மையாக இருக்கும்போது இயங்க வேண்டிய குறியீடு, ஒரு படி உள்தள்ளப்பட்டு அடுத்த வரியில் வைக்கப்படுகிறது. முதல் நிபந்தனை பொய்யாக இருந்தால், கூடுதல் நிபந்தனைகளைச் சரிபார்க்க 'elif' என்ற முக்கியச்சொல் அனுமதிக்கிறது. முந்தைய நிபந்தனைகள் எதுவும் உண்மையாக இல்லாதபோது இயங்கும் குறியீட்டை 'else' என்ற முக்கியச்சொல் வழங்குகிறது.","Gbólóhùn àfikún kan gba ètò láàyè láti ṣe kódì ọ̀tọ̀ọ̀tọ̀ ní ìbámu pẹ̀lú bóyá ipò kan jẹ́ òótọ́ tàbí èké. Nínú Python, gbólóhùn àfikún kan bẹ̀rẹ̀ pẹ̀lú ọ̀rọ̀ àfikún kan tí ó bá jẹ́ òótọ́, lẹ́yìn náà ni ipò àti ọ̀pọlọ kan. Kóòdù tí ó yẹ kí ó ṣiṣẹ́ nígbà tí ipò náà bá jẹ́ òótọ́ ni a gbé kalẹ̀ sí ìlà tí ó tẹ̀lé, tí a fi ìpele kan ṣe àmì sí. Ọ̀rọ̀ àfikún elif yọ̀ǹda láti ṣàyẹ̀wò àwọn ipò afikún tí ipò àkọ́kọ́ bá jẹ́ èké. Ọ̀rọ̀ àfikún náà pèsè kódì tí ó ń ṣiṣẹ́ nígbà tí kò sí èyíkéyìí nínú àwọn ipò tí ó ṣáájú tí ó jẹ́ òótọ́.",,
T3-07,"A for loop allows a program to repeat a block of code once for each item in a sequence. In Python, a for loop is written with the keyword for, followed by a loop variable, the keyword in, a sequence, and a colon. On each repetition, the loop variable takes the value of the next item in the sequence. For example, a for loop over a list of three numbers would execute the loop body three times, with the loop variable holding a different number on each pass. The loop ends automatically when all items in the sequence have been processed.","একটি for লুপ কোনো প্রোগ্রামকে একটি অনুক্রমের প্রতিটি আইটেমের জন্য কোডের একটি ব্লক একবার করে পুনরাবৃত্তি করতে সাহায্য করে। পাইথনে, একটি for লুপ লেখার জন্য প্রথমে `for` কীওয়ার্ড, তারপরে একটি লুপ ভেরিয়েবল, `in` কীওয়ার্ড, একটি অনুক্রম এবং শেষে একটি কোলন ব্যবহার করা হয়। প্রতিটি পুনরাবৃত্তিতে, লুপ ভেরিয়েবলটি অনুক্রমের পরবর্তী আইটেমের মান গ্রহণ করে। উদাহরণস্বরূপ, তিনটি সংখ্যার একটি তালিকার উপর একটি for লুপ চালালে, লুপের মূল অংশটি তিনবার কার্যকর হবে এবং প্রতিটি পুনরাবৃত্তিতে লুপ ভেরিয়েবলটি একটি ভিন্ন সংখ্যা ধারণ করবে। অনুক্রমের সমস্ত আইটেম প্রক্রিয়াজাত হয়ে গেলে লুপটি স্বয়ংক্রিয়ভাবে শেষ হয়ে যায়।","फ़ॉर लूप किसी प्रोग्राम को अनुक्रम में प्रत्येक आइटम के लिए कोड के एक ब्लॉक को एक बार दोहराने की अनुमति देता है। पायथन में, फ़ॉर लूप को फ़ॉर कीवर्ड, उसके बाद लूप वेरिएबल, इन कीवर्ड, अनुक्रम और एक कोलन के साथ लिखा जाता है। प्रत्येक पुनरावृत्ति पर, लूप वेरिएबल अनुक्रम में अगले आइटम का मान लेता है। उदाहरण के लिए, तीन संख्याओं की सूची पर चलने वाला फ़ॉर लूप, लूप बॉडी को तीन बार निष्पादित करेगा, जिसमें प्रत्येक बार लूप वेरिएबल में एक अलग संख्या होगी। अनुक्रम के सभी आइटम संसाधित हो जाने पर लूप स्वचालित रूप से समाप्त हो जाता है।","تسمح حلقة التكرار ""for"" للبرنامج بتكرار جزء من التعليمات البرمجية مرة واحدة لكل عنصر في سلسلة. في لغة بايثون، تُكتب حلقة التكرار ""for"" باستخدام الكلمة المفتاحية ""for""، متبوعة بمتغير الحلقة، ثم الكلمة المفتاحية ""in""، ثم السلسلة، ثم نقطتين رأسيتين. في كل تكرار، يأخذ متغير الحلقة قيمة العنصر التالي في السلسلة. على سبيل المثال، حلقة تكرار ""for"" على قائمة من ثلاثة أرقام ستنفذ جسم الحلقة ثلاث مرات، مع تغيير قيمة متغير الحلقة في كل مرة. تنتهي الحلقة تلقائيًا عند معالجة جميع عناصر السلسلة.","ஒரு ஃபார் லூப், ஒரு நிரலில் உள்ள நிரல் தொகுதியை, ஒரு தொடரில் உள்ள ஒவ்வொரு உறுப்புக்கும் ஒரு முறை மீண்டும் மீண்டும் இயக்க அனுமதிக்கிறது. பைத்தானில், ஒரு ஃபார் லூப், 'for' என்ற முக்கியச்சொல், அதைத் தொடர்ந்து ஒரு லூப் மாறி, 'in' என்ற முக்கியச்சொல், ஒரு தொடர் மற்றும் ஒரு பெருங்குறி (:) ஆகியவற்றைக் கொண்டு எழுதப்படுகிறது. ஒவ்வொரு முறையும் மீண்டும் இயக்கும்போது, ​​லூப் மாறியானது தொடரில் உள்ள அடுத்த உறுப்பின் மதிப்பை எடுத்துக்கொள்கிறது. எடுத்துக்காட்டாக, மூன்று எண்களைக் கொண்ட ஒரு பட்டியலின் மீதான ஒரு ஃபார் லூப், லூப்பின் உட்பகுதியை மூன்று முறை இயக்கும்; ஒவ்வொரு முறையும் லூப் மாறியானது ஒரு வேறுபட்ட எண்ணைக் கொண்டிருக்கும். தொடரில் உள்ள அனைத்து உறுப்புகளும் செயலாக்கப்பட்டவுடன், லூப் தானாகவே முடிவடையும்.","A for loop gba eto laaye lati tun bulọọki koodu kan ṣe lẹẹkan fun ohun kọọkan ninu ọkọọkan. Ninu Python, a kọ a for loop pẹlu ọrọ pataki fun, atẹle pẹlu oniyipada loop, ọrọ pataki ni, ọkọọkan, ati akojọpọ. Lori atunwi kọọkan, oniyipada loop gba iye ohun ti o tẹle ninu ọkọọkan. Fun apẹẹrẹ, a for loop lori atokọ awọn nọmba mẹta yoo ṣiṣẹ ara loop ni igba mẹta, pẹlu oniyipada loop ti o di nọmba oriṣiriṣi mu lori ọkọọkan kọja. Loop naa pari laifọwọyi nigbati gbogbo awọn ohun kan ninu lẹsẹsẹ ba ti ṣiṣẹ.",,
T3-08,"A while loop allows a program to repeat a block of code as long as a condition remains true. In Python, a while loop is written with the keyword while, followed by a condition and a colon. Before each repetition, Python evaluates the condition. If the condition is true, the loop body executes. If the condition is false, the loop ends and the program continues with the next statement after the loop. If the condition never becomes false, the loop will repeat indefinitely, which is referred to as an infinite loop.","একটি while লুপ একটি প্রোগ্রামকে কোনো শর্ত সত্য থাকা পর্যন্ত কোডের একটি অংশকে পুনরাবৃত্তি করতে সাহায্য করে। পাইথনে, `while` কীওয়ার্ডের পরে একটি শর্ত এবং একটি কোলন দিয়ে একটি while লুপ লেখা হয়। প্রতিটি পুনরাবৃত্তির আগে, পাইথন শর্তটি মূল্যায়ন করে। যদি শর্তটি সত্য হয়, তাহলে লুপের মূল অংশটি কার্যকর হয়। যদি শর্তটি মিথ্যা হয়, তাহলে লুপটি শেষ হয়ে যায় এবং প্রোগ্রামটি লুপের পরের স্টেটমেন্ট থেকে চলতে থাকে। যদি শর্তটি কখনও মিথ্যা না হয়, তাহলে লুপটি অনির্দিষ্টকালের জন্য চলতে থাকবে, যাকে ইনফিনিট লুপ বলা হয়।","while लूप किसी प्रोग्राम को तब तक कोड के एक ब्लॉक को दोहराने की अनुमति देता है जब तक कि कोई शर्त सही रहती है। पायथन में, while लूप को while कीवर्ड, उसके बाद एक शर्त और एक कोलन (:) लगाकर लिखा जाता है। प्रत्येक दोहराव से पहले, पायथन शर्त का मूल्यांकन करता है। यदि शर्त सही है, तो लूप का मुख्य भाग चलता है। यदि शर्त गलत है, तो लूप समाप्त हो जाता है और प्रोग्राम लूप के बाद अगले कथन से चलता है। यदि शर्त कभी गलत नहीं होती है, तो लूप अनिश्चित काल तक चलता रहेगा, जिसे अनंत लूप कहा जाता है।",تسمح حلقة while للبرنامج بتكرار جزء من التعليمات البرمجية طالما بقي شرطٌ ما صحيحًا. في لغة بايثون، تُكتب حلقة while باستخدام الكلمة المفتاحية while، متبوعةً بالشرط ثم نقطتين رأسيتين. قبل كل تكرار، تُقيّم بايثون الشرط. إذا كان الشرط صحيحًا، يُنفّذ جسم الحلقة. إذا كان الشرط خاطئًا، تنتهي الحلقة وينتقل البرنامج إلى العبارة التالية. إذا لم يصبح الشرط خاطئًا أبدًا، ستتكرر الحلقة إلى ما لا نهاية، وهو ما يُعرف بالحلقة اللانهائية.,"ஒரு நிபந்தனை உண்மையாக இருக்கும் வரை, ஒரு நிரல் தொகுதியை மீண்டும் மீண்டும் இயக்க வைல் லூப் (while loop) அனுமதிக்கிறது. பைத்தானில், ஒரு வைல் லூப், 'while' என்ற முக்கியச்சொல், அதைத் தொடர்ந்து ஒரு நிபந்தனை மற்றும் ஒரு பெருங்குறி (:) ஆகியவற்றைக் கொண்டு எழுதப்படுகிறது. ஒவ்வொரு மறுசெயல்பாட்டிற்கும் முன்பு, பைத்தான் அந்த நிபந்தனையை மதிப்பிடுகிறது. நிபந்தனை உண்மையாக இருந்தால், லூப்பின் உட்பகுதி செயல்படுத்தப்படும். நிபந்தனை தவறாக இருந்தால், லூப் முடிந்து, லூப்பிற்குப் பிறகு வரும் அடுத்த கூற்றுடன் நிரல் தொடரும். நிபந்தனை ஒருபோதும் தவறாகவில்லை என்றால், லூப் காலவரையின்றி மீண்டும் மீண்டும் இயங்கும், இது முடிவற்ற லூப் (infinite loop) என்று குறிப்பிடப்படுகிறது.","Lílo ìgbà díẹ̀ máa ń jẹ́ kí ètò kan tún àkójọ kódì kan ṣe níwọ̀n ìgbà tí ipò kan bá ṣì jẹ́ òótọ́. Nínú Python, a máa ń kọ lílo ìgbà díẹ̀ pẹ̀lú ọ̀rọ̀ pàtàkì, lẹ́yìn náà ni ipò àti ọ̀pọlọ kan máa ń tẹ̀lé e. Kí a tó tún un ṣe, Python máa ń ṣe àyẹ̀wò ipò náà. Tí ipò náà bá jẹ́ òótọ́, ara lílo ìgbà náà máa ń ṣiṣẹ́. Tí ipò náà bá jẹ́ èké, lílo ìgbà náà máa ń parí, ètò náà sì máa ń tẹ̀síwájú pẹ̀lú gbólóhùn tó tẹ̀lé lẹ́yìn lílo ìgbà náà. Tí ipò náà kò bá di èké, lílo ìgbà náà yóò máa tún ṣe títí láé, èyí tí a ń pè ní lílo ìgbà díẹ̀.",,
T3-09,"A function is a named block of code that performs a specific task and can be called from other parts of the program. In Python, a function is defined using the keyword def, followed by the function name, parentheses, and a colon. The body of the function is indented below the def line. Defining a function does not run the code inside it; the code runs only when the function is called by its name. Functions help organize programs by grouping related instructions together and allowing those instructions to be reused.","ফাংশন হলো একটি নামযুক্ত কোড ব্লক যা একটি নির্দিষ্ট কাজ সম্পাদন করে এবং প্রোগ্রামের অন্য অংশ থেকে একে কল করা যায়। পাইথনে, `def` কীওয়ার্ড ব্যবহার করে একটি ফাংশন সংজ্ঞায়িত করা হয়, যার পরে ফাংশনের নাম, প্রথম বন্ধনী এবং একটি কোলন থাকে। ফাংশনের মূল অংশটি `def` লাইনের নিচে ইনডেন্ট করা থাকে। একটি ফাংশন সংজ্ঞায়িত করলে তার ভেতরের কোড রান হয় না; কোডটি কেবল তখনই রান হয় যখন ফাংশনটিকে তার নাম ধরে কল করা হয়। ফাংশনগুলো সম্পর্কিত নির্দেশাবলীকে একত্রিত করে এবং সেগুলোকে পুনরায় ব্যবহার করার সুযোগ দিয়ে প্রোগ্রামকে সংগঠিত করতে সাহায্য করে।","फंक्शन एक नाम वाला कोड ब्लॉक होता है जो एक विशिष्ट कार्य करता है और प्रोग्राम के अन्य भागों से इसे कॉल किया जा सकता है। पायथन में, फंक्शन को def कीवर्ड, उसके बाद फंक्शन का नाम, कोष्ठक और एक कोलन लगाकर परिभाषित किया जाता है। फंक्शन का मुख्य भाग def लाइन के नीचे इंडेंट किया जाता है। फंक्शन को परिभाषित करने से उसके अंदर का कोड नहीं चलता; कोड तभी चलता है जब फंक्शन को उसके नाम से कॉल किया जाता है। फंक्शन संबंधित निर्देशों को एक साथ समूहित करके और उन निर्देशों को पुन: उपयोग करने की अनुमति देकर प्रोग्राम को व्यवस्थित करने में मदद करते हैं।",الدالة هي كتلة برمجية مُسماة تُنفذ مهمة مُحددة، ويمكن استدعاؤها من أجزاء أخرى من البرنامج. في لغة بايثون، تُعرَّف الدالة باستخدام الكلمة المفتاحية `def`، متبوعةً باسم الدالة، ثم قوسين، ثم نقطتين رأسيتين. يبدأ نص الدالة أسفل سطر `def`. لا يُؤدي تعريف الدالة إلى تشغيل الكود الموجود بداخلها؛ بل يُشغَّل الكود فقط عند استدعاء الدالة باسمها. تُساعد الدوال في تنظيم البرامج من خلال تجميع التعليمات ذات الصلة معًا، مما يسمح بإعادة استخدام هذه التعليمات.,"ஒரு செயல்பாடு என்பது ஒரு குறிப்பிட்ட பணியைச் செய்யும் மற்றும் நிரலின் மற்றப் பகுதிகளிலிருந்து அழைக்கப்படக்கூடிய, பெயரிடப்பட்ட ஒரு நிரல் தொகுதியாகும். பைத்தானில், ஒரு செயல்பாடு 'def' என்ற முக்கியச்சொல்லைப் பயன்படுத்தி வரையறுக்கப்படுகிறது, அதைத் தொடர்ந்து செயல்பாட்டின் பெயர், அடைப்புக்குறிகள் மற்றும் ஒரு பெருங்குறி (:) வரும். செயல்பாட்டின் உள்ளகம் 'def' வரிக்குக் கீழே உள்ளிழுத்து எழுதப்படுகிறது. ஒரு செயல்பாட்டை வரையறுப்பது, அதனுள் உள்ள நிரலை இயக்காது; அந்தச் செயல்பாடு அதன் பெயரால் அழைக்கப்படும்போது மட்டுமே நிரல் இயங்கும். செயல்பாடுகள், தொடர்புடைய கட்டளைகளை ஒன்றாகக் குழுவாக்குவதன் மூலமும், அந்தக் கட்டளைகளை மீண்டும் பயன்படுத்த அனுமதிப்பதன் மூலமும் நிரல்களை ஒழுங்கமைக்க உதவுகின்றன.","Iṣẹ́ jẹ́ àkójọpọ̀ kódì tí a pè ní orúkọ rẹ̀ tí ó ń ṣe iṣẹ́ pàtó kan, a sì lè pè é láti àwọn apá mìíràn nínú ètò náà. Nínú Python, a máa ń túmọ̀ iṣẹ́ kan nípa lílo ọ̀rọ̀ pàtàkì def, lẹ́yìn náà ni orúkọ iṣẹ́ náà, àkọmọ́, àti ọ̀pọ́lọ́nù kan. Ara iṣẹ́ náà ni a fi àmì sí ìsàlẹ̀ ìlà def. Ṣíṣàpèjúwe iṣẹ́ kan kò ní ṣiṣẹ́ kódì náà nínú rẹ̀; kódì náà ń ṣiṣẹ́ nígbà tí a bá pe iṣẹ́ náà ní orúkọ rẹ̀ nìkan. Àwọn iṣẹ́ náà ń ran àwọn ètò lọ́wọ́ láti ṣètò nípa ṣíṣètò àwọn ìlànà tí ó jọra pọ̀ àti gbígbà kí a tún lo àwọn ìlànà náà.",,
T3-10,"A return value is the result that a function sends back to the part of the program that called it. In Python, the return keyword is used inside a function to specify the value to be returned. When Python reaches a return statement, it stops executing the function and passes the specified value back to the caller. For example, a function that calculates the sum of two numbers can use return to send the result back so it can be stored in a variable or used in an expression. A function that does not include a return statement returns the special value None by default.","রিটার্ন ভ্যালু হলো সেই ফলাফল যা একটি ফাংশন তাকে কল করা প্রোগ্রামের অংশে ফেরত পাঠায়। পাইথনে, কোন ভ্যালুটি ফেরত দেওয়া হবে তা নির্দিষ্ট করার জন্য একটি ফাংশনের ভিতরে return কীওয়ার্ডটি ব্যবহৃত হয়। যখন পাইথন একটি return স্টেটমেন্টে পৌঁছায়, তখন এটি ফাংশনটি চালানো বন্ধ করে দেয় এবং নির্দিষ্ট ভ্যালুটি কলকারীকে ফেরত পাঠায়। উদাহরণস্বরূপ, দুটি সংখ্যার যোগফল গণনা করে এমন একটি ফাংশন তার ফলাফল ফেরত পাঠানোর জন্য return ব্যবহার করতে পারে, যাতে এটি একটি ভেরিয়েবলে সংরক্ষণ করা যায় বা কোনো এক্সপ্রেশনে ব্যবহার করা যায়। যে ফাংশনে return স্টেটমেন্ট থাকে না, সেটি ডিফল্টরূপে বিশেষ ভ্যালু 'None' ফেরত দেয়।","रिटर्न वैल्यू वह परिणाम है जो कोई फ़ंक्शन प्रोग्राम के उस भाग को वापस भेजता है जिसने उसे कॉल किया था। पायथन में, रिटर्न कीवर्ड का उपयोग फ़ंक्शन के अंदर रिटर्न किए जाने वाले मान को निर्दिष्ट करने के लिए किया जाता है। जब पायथन रिटर्न स्टेटमेंट पर पहुँचता है, तो यह फ़ंक्शन का निष्पादन रोक देता है और निर्दिष्ट मान को कॉलर को वापस भेज देता है। उदाहरण के लिए, दो संख्याओं का योगफल निकालने वाला फ़ंक्शन परिणाम वापस भेजने के लिए रिटर्न का उपयोग कर सकता है ताकि इसे किसी वेरिएबल में संग्रहीत किया जा सके या किसी एक्सप्रेशन में उपयोग किया जा सके। जिस फ़ंक्शन में रिटर्न स्टेटमेंट शामिल नहीं होता है, वह डिफ़ॉल्ट रूप से विशेष मान None लौटाता है।",القيمة المُعادة هي النتيجة التي تُعيدها الدالة إلى الجزء من البرنامج الذي استدعاها. في بايثون، تُستخدم الكلمة المفتاحية `return` داخل الدالة لتحديد القيمة المراد إعادتها. عندما تصل بايثون إلى عبارة `return`، تتوقف عن تنفيذ الدالة وتُعيد القيمة المُحددة إلى المُستدعي. على سبيل المثال، يمكن لدالة تحسب مجموع عددين استخدام `return` لإعادة النتيجة ليتم تخزينها في متغير أو استخدامها في تعبير. أما الدالة التي لا تحتوي على عبارة `return` فتُعيد القيمة الخاصة `None` افتراضيًا.,"ரிட்டர்ன் வேல்யூ என்பது, ஒரு ஃபங்ஷன் தன்னை அழைத்த நிரலின் பகுதிக்குத் திருப்பி அனுப்பும் முடிவாகும். பைத்தானில், திருப்பி அனுப்பப்பட வேண்டிய மதிப்பைக் குறிப்பிடுவதற்கு, ஒரு ஃபங்ஷனுக்குள் ரிட்டர்ன் என்ற கீவேர்டு பயன்படுத்தப்படுகிறது. பைத்தான் ஒரு ரிட்டர்ன் ஸ்டேட்மென்ட்டை அடையும்போது, ​​அது ஃபங்ஷனின் செயல்பாட்டை நிறுத்திவிட்டு, குறிப்பிட்ட மதிப்பை அழைத்தவருக்குத் திருப்பி அனுப்புகிறது. எடுத்துக்காட்டாக, இரண்டு எண்களின் கூட்டுத்தொகையைக் கணக்கிடும் ஒரு ஃபங்ஷன், முடிவைத் திருப்பி அனுப்ப ரிட்டர்ன்-ஐப் பயன்படுத்தலாம், இதன்மூலம் அந்த முடிவை ஒரு வேரியபிளில் சேமிக்கலாம் அல்லது ஒரு எக்ஸ்பிரஷனில் பயன்படுத்தலாம். ரிட்டர்ன் ஸ்டேட்மென்ட் இல்லாத ஒரு ஃபங்ஷன், இயல்பாகவே 'None' என்ற சிறப்பு மதிப்பைத் திருப்பி அனுப்புகிறது.","Iye ipadabọ ni abajade ti iṣẹ kan fi ranṣẹ pada si apakan eto ti o pe e. Ninu Python, ọrọ pataki ipadabọ ni a lo ninu iṣẹ kan lati ṣalaye iye ti a yoo da pada. Nigbati Python ba de gbólóhùn ipadabọ kan, o da ṣiṣe iṣẹ naa duro o si fi iye ti a sọ tẹlẹ pada si olupe naa. Fun apẹẹrẹ, iṣẹ ti o ṣe iṣiro iye awọn nọmba meji le lo ipadabọ lati fi abajade ranṣẹ pada ki o le fipamọ sinu oniyipada kan tabi lo ninu ikosile kan. Iṣẹ ti ko ni gbólóhùn ipadabọ pada da iye pataki pada Ko si nipasẹ aiyipada.",,
T3-11,"Function arguments are the values passed to a function when it is called. Function parameters are the variable names listed in the function definition that receive those values. When a function is called, each argument is assigned to the corresponding parameter in the order they are listed. For example, if a function is defined with two parameters named length and width, and the function is called with the values five and three, then length will hold five and width will hold three inside the function. The number of arguments provided in a call must match the number of parameters in the function definition.","ফাংশন আর্গুমেন্ট হলো সেই মানগুলো যা একটি ফাংশনকে কল করার সময় তাতে পাস করা হয়। ফাংশন প্যারামিটার হলো ফাংশন সংজ্ঞায় তালিকাভুক্ত ভেরিয়েবলের নাম, যেগুলো ঐ মানগুলো গ্রহণ করে। যখন একটি ফাংশনকে কল করা হয়, তখন প্রতিটি আর্গুমেন্টকে তাদের তালিকাভুক্ত ক্রম অনুসারে সংশ্লিষ্ট প্যারামিটারে বরাদ্দ করা হয়। উদাহরণস্বরূপ, যদি একটি ফাংশন length এবং width নামের দুটি প্যারামিটার দিয়ে সংজ্ঞায়িত করা হয়, এবং ফাংশনটিকে five এবং three মান দিয়ে কল করা হয়, তাহলে ফাংশনের ভিতরে length-এর মান হবে five এবং width-এর মান হবে three। একটি কলে প্রদত্ত আর্গুমেন্টের সংখ্যা অবশ্যই ফাংশন সংজ্ঞায় থাকা প্যারামিটারের সংখ্যার সাথে মিলতে হবে।","फ़ंक्शन को कॉल करते समय उसे दिए जाने वाले मान फ़ंक्शन आर्गुमेंट होते हैं। फ़ंक्शन पैरामीटर फ़ंक्शन परिभाषा में सूचीबद्ध चरों के नाम होते हैं जो उन मानों को ग्रहण करते हैं। फ़ंक्शन को कॉल करते समय, प्रत्येक आर्गुमेंट को उसके संबंधित पैरामीटर को उसी क्रम में असाइन किया जाता है जिस क्रम में वह सूचीबद्ध होता है। उदाहरण के लिए, यदि किसी फ़ंक्शन को length और width नामक दो पैरामीटर के साथ परिभाषित किया गया है, और फ़ंक्शन को क्रमशः five और three मानों के साथ कॉल किया जाता है, तो फ़ंक्शन के अंदर length में five और width में three मान होंगे। कॉल में दिए गए आर्गुमेंट की संख्या फ़ंक्शन परिभाषा में पैरामीटर की संख्या के बराबर होनी चाहिए।",وسائط الدالة هي القيم التي تُمرر إلى الدالة عند استدعائها. أما مُعاملات الدالة فهي أسماء المتغيرات المُدرجة في تعريف الدالة والتي تستقبل هذه القيم. عند استدعاء دالة، يُسند كل وسيط إلى المُعامل المُناسب له بالترتيب المُدرج. على سبيل المثال، إذا عُرّفت دالة بمعاملين هما الطول والعرض، واستُدعيت الدالة بالقيمتين خمسة وثلاثة، فإن الطول سيحتوي على خمسة والعرض على ثلاثة داخل الدالة. يجب أن يتطابق عدد الوسائط المُقدمة في الاستدعاء مع عدد المُعاملات في تعريف الدالة.,"செயல்பாட்டு வாதங்கள் என்பவை ஒரு செயல்பாடு அழைக்கப்படும்போது அதற்கு அனுப்பப்படும் மதிப்புகள் ஆகும். செயல்பாட்டு அளவுருக்கள் என்பவை, அந்த மதிப்புகளைப் பெறும் செயல்பாட்டு வரையறையில் பட்டியலிடப்பட்டுள்ள மாறிப் பெயர்கள் ஆகும். ஒரு செயல்பாடு அழைக்கப்படும்போது, ​​ஒவ்வொரு வாதமும் அவை பட்டியலிடப்பட்டுள்ள வரிசைப்படி அதற்குரிய அளவுருவிற்கு ஒதுக்கப்படும். எடுத்துக்காட்டாக, ஒரு செயல்பாடு 'length' மற்றும் 'width' என்ற இரண்டு அளவுருக்களுடன் வரையறுக்கப்பட்டு, அந்தச் செயல்பாடு 'five' மற்றும் 'three' என்ற மதிப்புகளுடன் அழைக்கப்படும்போது, ​​அந்தச் செயல்பாட்டிற்குள் 'length' ஐந்து என்ற மதிப்பையும், 'width' மூன்று என்ற மதிப்பையும் கொண்டிருக்கும். ஒரு அழைப்பில் வழங்கப்படும் வாதங்களின் எண்ணிக்கை, செயல்பாட்டு வரையறையில் உள்ள அளவுருக்களின் எண்ணிக்கையுடன் பொருந்த வேண்டும்.","Àwọn àríyànjiyàn iṣẹ́ ni àwọn iye tí a fi ránṣẹ́ sí iṣẹ́ kan nígbà tí a bá pè é. Àwọn paramita iṣẹ́ ni àwọn orúkọ oníyípadà tí a kọ sínú ìtumọ̀ iṣẹ́ tí ó gba àwọn iye wọ̀nyẹn. Nígbà tí a bá pe iṣẹ́ kan, a ó yan àríyànjiyàn kọ̀ọ̀kan sí paramita tí ó báramu ní ìtòlẹ́sẹẹsẹ tí a kọ wọ́n sí. Fún àpẹẹrẹ, tí a bá ṣàlàyé iṣẹ́ kan pẹ̀lú àwọn paramita méjì tí a pè ní gígùn àti ìbú, tí a sì pe iṣẹ́ náà pẹ̀lú àwọn iye márùn-ún àti mẹ́ta, nígbà náà gígùn yóò di márùn-ún àti ìbú yóò di mẹ́ta mú nínú iṣẹ́ náà. Iye àwọn àríyànjiyàn tí a pèsè nínú ìpè gbọ́dọ̀ bá iye àwọn paramita nínú ìtumọ̀ iṣẹ́ náà mu.",,
T3-12,"Importing a module allows a program to use functions and variables that are defined in a separate file or library. In Python, the import keyword is used to load a module. After the module is imported, its contents can be accessed using the module name followed by a dot and the name of the function or variable. For example, importing the math module and then calling math.sqrt with a number returns the square root of that number. Python includes many built-in modules for tasks such as mathematical operations, working with dates, and generating random numbers.","একটি মডিউল ইম্পোর্ট করার মাধ্যমে কোনো প্রোগ্রাম আলাদা কোনো ফাইল বা লাইব্রেরিতে সংজ্ঞায়িত ফাংশন এবং ভেরিয়েবল ব্যবহার করতে পারে। পাইথনে, একটি মডিউল লোড করার জন্য `import` কীওয়ার্ডটি ব্যবহৃত হয়। মডিউলটি ইম্পোর্ট করার পর, মডিউলের নামের পরে একটি ডট (.) এবং ফাংশন বা ভেরিয়েবলের নাম লিখে এর বিষয়বস্তু অ্যাক্সেস করা যায়। উদাহরণস্বরূপ, `math` মডিউলটি ইম্পোর্ট করে কোনো একটি সংখ্যা দিয়ে `math.sqrt` কল করলে সেই সংখ্যাটির বর্গমূল পাওয়া যায়। পাইথনে গাণিতিক ক্রিয়াকলাপ, তারিখ নিয়ে কাজ করা এবং র‍্যান্ডম সংখ্যা তৈরি করার মতো কাজের জন্য অনেক বিল্ট-ইন মডিউল রয়েছে।","किसी मॉड्यूल को इम्पोर्ट करने से प्रोग्राम उन फ़ंक्शन और वैरिएबल का उपयोग कर सकता है जो किसी अलग फ़ाइल या लाइब्रेरी में परिभाषित हैं। पायथन में, मॉड्यूल को लोड करने के लिए इम्पोर्ट कीवर्ड का उपयोग किया जाता है। मॉड्यूल इम्पोर्ट होने के बाद, मॉड्यूल के नाम के बाद डॉट और फ़ंक्शन या वैरिएबल का नाम लिखकर उसकी सामग्री को एक्सेस किया जा सकता है। उदाहरण के लिए, मैथ मॉड्यूल को इम्पोर्ट करके और फिर किसी संख्या के साथ math.sqrt को कॉल करने पर उस संख्या का वर्गमूल प्राप्त होता है। पायथन में गणितीय संक्रियाओं, तिथियों के साथ काम करने और यादृच्छिक संख्याएँ उत्पन्न करने जैसे कार्यों के लिए कई अंतर्निहित मॉड्यूल शामिल हैं।",يُمكّن استيراد وحدة برمجية البرنامج من استخدام الدوال والمتغيرات المُعرّفة في ملف أو مكتبة منفصلة. في بايثون، تُستخدم الكلمة المفتاحية `import` لتحميل وحدة برمجية. بعد استيراد الوحدة، يُمكن الوصول إلى محتوياتها باستخدام اسم الوحدة متبوعًا بنقطة ثم اسم الدالة أو المتغير. على سبيل المثال، استيراد وحدة `math` ثم استدعاء `math.sqrt` مع عدد يُعيد الجذر التربيعي لذلك العدد. تتضمن بايثون العديد من الوحدات البرمجية المُدمجة لمهام مثل العمليات الحسابية، والتعامل مع التواريخ، وتوليد الأرقام العشوائية.,"ஒரு மாட்யூலை இறக்குமதி செய்வது, ஒரு தனி கோப்பு அல்லது நூலகத்தில் வரையறுக்கப்பட்டுள்ள சார்புகளையும் மாறிகளையும் ஒரு நிரல் பயன்படுத்த அனுமதிக்கிறது. பைத்தானில், ஒரு மாட்யூலை ஏற்றுவதற்கு 'import' என்ற முக்கியச்சொல் பயன்படுத்தப்படுகிறது. மாட்யூல் இறக்குமதி செய்யப்பட்ட பிறகு, மாட்யூலின் பெயரைத் தொடர்ந்து ஒரு புள்ளி மற்றும் சார்பு அல்லது மாறியின் பெயரைப் பயன்படுத்தி அதன் உள்ளடக்கங்களை அணுகலாம். எடுத்துக்காட்டாக, 'math' மாட்யூலை இறக்குமதி செய்து, பின்னர் ஒரு எண்ணுடன் 'math.sqrt'-ஐ அழைத்தால், அந்த எண்ணின் வர்க்கமூலம் கிடைக்கும். கணிதச் செயல்பாடுகள், தேதிகளுடன் பணிபுரிதல் மற்றும் சமவாய்ப்பு எண்களை உருவாக்குதல் போன்ற பணிகளுக்காக பைத்தான் பல உள்ளமைக்கப்பட்ட மாட்யூல்களைக் கொண்டுள்ளது.","Gbígbé módúlù wọlé ń jẹ́ kí ètò kan lo àwọn iṣẹ́ àti àwọn oníyípadà tí a ṣàlàyé nínú fáìlì tàbí ìkàwé ọ̀tọ̀. Nínú Python, ọ̀rọ̀ pàtàkì ìkọ́wọlé ni a ń lò láti gbé módúlù kan wọlé. Lẹ́yìn tí a bá ti gbé módúlù wọlé, a lè wọ inú rẹ̀ nípa lílo orúkọ módúlù tí a tẹ̀lé pẹ̀lú àmì àti orúkọ iṣẹ́ tàbí oníyípadà. Fún àpẹẹrẹ, gbígbé módúlù math wọlé àti pípe math.sqrt pẹ̀lú nọ́mbà kan yóò dá gbòǹgbò onígun mẹ́rin ti nọ́mbà náà padà. Python ní ọ̀pọ̀lọpọ̀ módúlù tí a ṣe sínú rẹ̀ fún àwọn iṣẹ́ bíi iṣẹ́ mathimetic, ṣíṣiṣẹ́ pẹ̀lú àwọn ọjọ́, àti ṣíṣẹ̀dá àwọn nọ́mbà àìròtẹ́lẹ̀.",,
T3-13,"String methods are built-in functions that operate on string values. In Python, a string method is called using the dot notation, by writing the string variable name, a dot, the method name, and parentheses. For example, the upper() method returns a new string in which all characters are converted to uppercase. The split() method divides a string into a list of substrings based on a specified separator character. String methods do not modify the original string; they return a new string with the requested changes applied.","স্ট্রিং মেথড হলো বিল্ট-ইন ফাংশন যা স্ট্রিং ভ্যালুর উপর কাজ করে। পাইথনে, একটি স্ট্রিং মেথডকে ডট নোটেশন ব্যবহার করে কল করা হয়, যেখানে স্ট্রিং ভেরিয়েবলের নাম, একটি ডট, মেথডের নাম এবং প্রথম বন্ধনী লিখতে হয়। উদাহরণস্বরূপ, upper() মেথডটি একটি নতুন স্ট্রিং রিটার্ন করে, যেখানে সমস্ত অক্ষর আপারকেসে রূপান্তরিত হয়। split() মেথডটি একটি নির্দিষ্ট সেপারেটর ক্যারেক্টারের উপর ভিত্তি করে একটি স্ট্রিংকে সাবস্ট্রিং-এর একটি লিস্টে বিভক্ত করে। স্ট্রিং মেথডগুলো মূল স্ট্রিংকে পরিবর্তন করে না; এগুলো অনুরোধ করা পরিবর্তনগুলো প্রয়োগ করে একটি নতুন স্ট্রিং রিটার্ন করে।","स्ट्रिंग मेथड अंतर्निहित फ़ंक्शन होते हैं जो स्ट्रिंग मानों पर कार्य करते हैं। पायथन में, स्ट्रिंग मेथड को डॉट नोटेशन का उपयोग करके कॉल किया जाता है, जिसमें स्ट्रिंग वेरिएबल का नाम, एक डॉट, मेथड का नाम और कोष्ठक लिखे जाते हैं। उदाहरण के लिए, upper() मेथड एक नई स्ट्रिंग लौटाता है जिसमें सभी अक्षर अपरकेस में परिवर्तित होते हैं। split() मेथड एक स्ट्रिंग को निर्दिष्ट विभाजक वर्ण के आधार पर उप-स्ट्रिंग की सूची में विभाजित करता है। स्ट्रिंग मेथड मूल स्ट्रिंग को संशोधित नहीं करते हैं; वे अनुरोधित परिवर्तनों के साथ एक नई स्ट्रिंग लौटाते हैं।",دوال السلاسل النصية هي دوال مدمجة تعمل على قيم السلاسل النصية. في بايثون، يُستدعى دالة سلسلة نصية باستخدام صيغة النقطة، وذلك بكتابة اسم متغير السلسلة النصية، ثم نقطة، ثم اسم الدالة، ثم قوسين. على سبيل المثال، تُعيد الدالة upper() سلسلة نصية جديدة مُحوّلة جميع أحرفها إلى أحرف كبيرة. أما الدالة split() فتقسم سلسلة نصية إلى قائمة من السلاسل الفرعية بناءً على حرف فاصل مُحدد. لا تُعدّل دوال السلاسل النصية السلسلة الأصلية، بل تُعيد سلسلة نصية جديدة مُطبّق عليها التغييرات المطلوبة.,"ஸ்ட்ரிங் மெத்தட்கள் என்பவை, ஸ்ட்ரிங் மதிப்புகளின் மீது செயல்படும் உள்ளமைக்கப்பட்ட செயல்பாடுகள் ஆகும். பைத்தானில், ஒரு ஸ்ட்ரிங் மெத்தட், புள்ளி குறியீட்டைப் பயன்படுத்தி அழைக்கப்படுகிறது; அதாவது, ஸ்ட்ரிங் வேரியபிள் பெயர், ஒரு புள்ளி, மெத்தட் பெயர் மற்றும் அடைப்புக்குறிகளை எழுத வேண்டும். எடுத்துக்காட்டாக, upper() மெத்தட், அனைத்து எழுத்துக்களும் பெரிய எழுத்துக்களாக மாற்றப்பட்ட ஒரு புதிய ஸ்ட்ரிங்கைத் திருப்பியளிக்கும். split() மெத்தட், குறிப்பிடப்பட்ட பிரிப்பான் எழுத்தின் அடிப்படையில் ஒரு ஸ்ட்ரிங்கை துணை ஸ்ட்ரிங்குகளின் பட்டியலாகப் பிரிக்கிறது. ஸ்ட்ரிங் மெத்தட்கள் அசல் ஸ்ட்ரிங்கை மாற்றுவதில்லை; அவை கோரப்பட்ட மாற்றங்கள் செய்யப்பட்ட ஒரு புதிய ஸ்ட்ரிங்கைத் திருப்பியளிக்கும்.","Àwọn ọ̀nà ìdènà jẹ́ iṣẹ́ tí a kọ́ sínú rẹ̀ tí ó ń ṣiṣẹ́ lórí àwọn ìwọ̀n ìdènà. Nínú Python, a ń pe ọ̀nà ìdènà ní lílo àmì àmì, nípa kíkọ orúkọ oníyípadà ìdènà ìdènà ìdènà, àmì àmì, orúkọ ọ̀nà, àti àkọmọ́. Fún àpẹẹrẹ, ọ̀nà ìdènà ...",,
T3-14,"A dictionary is a collection of key-value pairs in which each key is associated with a specific value. In Python, a dictionary is created by placing key-value pairs separated by commas inside curly braces, with each key and its value separated by a colon. A value is retrieved from a dictionary by providing its key inside square brackets. For example, a dictionary with a key ""color"" and a value ""blue"" would return the string ""blue"" when accessed with the key ""color"". Each key in a dictionary must be unique; if the same key is assigned a new value, the previous value is replaced.","ডিকশনারি হলো কী-ভ্যালু জোড়ের একটি সংগ্রহ, যেখানে প্রতিটি কী একটি নির্দিষ্ট ভ্যালুর সাথে যুক্ত থাকে। পাইথনে, কী-ভ্যালু জোড়গুলোকে কমা দিয়ে আলাদা করে কার্লি ব্র্যাকেটের (curly braces) ভেতরে রেখে একটি ডিকশনারি তৈরি করা হয়, যেখানে প্রতিটি কী এবং তার ভ্যালু একটি কোলন (colon) দ্বারা পৃথক করা থাকে। ডিকশনারি থেকে কোনো ভ্যালু পেতে হলে, তার কী-টি স্কয়ার ব্র্যাকেটের (square brackets) ভেতরে দিতে হয়। উদাহরণস্বরূপ, 'color' কী এবং 'blue' ভ্যালুযুক্ত একটি ডিকশনারি থেকে 'color' কী-টি দিয়ে অ্যাক্সেস করলে 'blue' স্ট্রিংটি রিটার্ন হবে। ডিকশনারির প্রতিটি কী অবশ্যই অনন্য (unique) হতে হবে; যদি একই কী-কে একটি নতুন ভ্যালু দেওয়া হয়, তবে পূর্ববর্তী ভ্যালুটি প্রতিস্থাপিত হয়ে যায়।","एक डिक्शनरी कुंजी-मान युग्मों का संग्रह है जिसमें प्रत्येक कुंजी एक विशिष्ट मान से जुड़ी होती है। पायथन में, एक डिक्शनरी बनाने के लिए कुंजी-मान युग्मों को अल्पविराम से अलग करके घुंघराले कोष्ठकों के अंदर रखा जाता है, और प्रत्येक कुंजी और उसके मान को एक कोलन से अलग किया जाता है। किसी डिक्शनरी से मान प्राप्त करने के लिए, उसकी कुंजी को वर्गाकार कोष्ठकों के अंदर रखा जाता है। उदाहरण के लिए, एक डिक्शनरी जिसमें कुंजी ""color"" और मान ""blue"" है, कुंजी ""color"" का उपयोग करने पर ""blue"" स्ट्रिंग लौटाएगी। डिक्शनरी में प्रत्येक कुंजी अद्वितीय होनी चाहिए; यदि उसी कुंजी को कोई नया मान दिया जाता है, तो पिछला मान बदल दिया जाता है।","القاموس عبارة عن مجموعة من أزواج المفاتيح والقيم، حيث يرتبط كل مفتاح بقيمة محددة. في لغة بايثون، يُنشأ القاموس بوضع أزواج المفاتيح والقيم مفصولة بفواصل داخل أقواس معقوفة، مع فصل كل مفتاح عن قيمته بنقطتين رأسيتين. تُسترجع القيمة من القاموس بإدخال مفتاحها داخل أقواس مربعة. على سبيل المثال، قاموس يحتوي على المفتاح ""color"" والقيمة ""blue"" سيعيد السلسلة النصية ""blue"" عند الوصول إليه باستخدام المفتاح ""color"". يجب أن يكون كل مفتاح في القاموس فريدًا؛ فإذا تم تعيين قيمة جديدة لنفس المفتاح، تُستبدل القيمة السابقة.","ஒரு அகராதி என்பது திறவுச்சொல்-மதிப்பு ஜோடிகளின் தொகுப்பாகும், இதில் ஒவ்வொரு திறவுச்சொல்லும் ஒரு குறிப்பிட்ட மதிப்புடன் தொடர்புடையதாக இருக்கும். பைத்தானில், திறவுச்சொல்-மதிப்பு ஜோடிகளை காற்புள்ளிகளால் பிரித்து சுருள் அடைப்புக்குறிகளுக்குள் வைப்பதன் மூலம் ஒரு அகராதி உருவாக்கப்படுகிறது; இதில் ஒவ்வொரு திறவுச்சொல்லும் அதன் மதிப்பும் ஒரு பெருங்குறியால் (:) பிரிக்கப்பட்டிருக்கும். ஒரு அகராதியிலிருந்து ஒரு மதிப்பைப் பெற, அதன் திறவுச்சொல்லை சதுர அடைப்புக்குறிகளுக்குள் வழங்க வேண்டும். எடுத்துக்காட்டாக, ""color"" என்ற திறவுச்சொல்லையும் ""blue"" என்ற மதிப்பையும் கொண்ட ஒரு அகராதியை, ""color"" என்ற திறவுச்சொல்லைக் கொண்டு அணுகும்போது, ​​அது ""blue"" என்ற சரத்தைத் திருப்பியளிக்கும். ஒரு அகராதியில் உள்ள ஒவ்வொரு திறவுச்சொல்லும் தனித்துவமானதாக இருக்க வேண்டும்; அதே திறவுச்சொல்லுக்கு ஒரு புதிய மதிப்பு ஒதுக்கப்பட்டால், முந்தைய மதிப்பு மாற்றப்படும்.","Ìwé atúmọ̀ èdè jẹ́ àkójọ àwọn méjì tí ó ní àmì-ìye pàtàkì nínú èyí tí a so kọ́kọ́rọ́ kọ̀ọ̀kan pọ̀ mọ́ ìní pàtó kan. Nínú Python, a ṣẹ̀dá ìwé atúmọ̀ èdè nípa fífi àwọn àmì-ìye pàtàkì sí ara wọn nípasẹ̀ àmì-ìye nínú àwọn àmì-ìye tí a fi àmì-ìye kọ́ọ̀dù yà sọ́tọ̀, pẹ̀lú kọ́kọ́rọ́ kọ̀ọ̀kan àti ìní rẹ̀ tí a fi àmì-ìye kọ́ọ̀dù yà sọ́tọ̀. A gba ìní láti inú ìwé atúmọ̀ èdè nípa pípèsè kọ́kọ́rọ́ rẹ̀ nínú àwọn àmì-ìye onígun mẹ́rin. Fún àpẹẹrẹ, ìwé atúmọ̀ èdè kan tí ó ní àmì-ìye ""àwọ̀"" àti àmì-ìye ""blue"" yóò dá okùn ""blue"" padà nígbà tí a bá wọlé pẹ̀lú àmì-ìye ""àwọ̀"". Kọ́kọ́kọ́ kọ̀ọ̀kan nínú ìwé atúmọ̀ èdè gbọ́dọ̀ jẹ́ àrà ọ̀tọ̀; tí a bá fún kọ́kọ́rọ́ kan náà ní ìní tuntun, a ó rọ́pò ìní ìṣáájú.",,
T3-15,"Error handling with try and except allows a program to respond to runtime errors without terminating. In Python, the code that might raise an error is placed inside a try block. If an error occurs, Python stops executing the try block and immediately runs the code in the corresponding except block. The except keyword can be followed by a specific error type to catch only that kind of error. This structure allows programs to handle unexpected conditions, display a helpful message, or attempt a recovery action instead of stopping with an error message.","try এবং except ব্যবহার করে এরর হ্যান্ডলিং একটি প্রোগ্রামকে বন্ধ না হয়েই রানটাইম এররের প্রতিক্রিয়া জানাতে সাহায্য করে। পাইথনে, যে কোডটি এরর ঘটাতে পারে, তা একটি try ব্লকের ভিতরে রাখা হয়। যদি কোনো এরর ঘটে, পাইথন try ব্লকের এক্সিকিউশন থামিয়ে দেয় এবং সাথে সাথে সংশ্লিষ্ট except ব্লকের কোডটি রান করে। except কীওয়ার্ডটির পরে একটি নির্দিষ্ট এররের ধরন উল্লেখ করে শুধুমাত্র সেই ধরনের এরর ধরা যায়। এই কাঠামোটি প্রোগ্রামগুলোকে এরর মেসেজ দিয়ে থেমে না গিয়ে, অপ্রত্যাশিত পরিস্থিতি সামাল দিতে, একটি সহায়ক বার্তা প্রদর্শন করতে, অথবা পরিস্থিতি স্বাভাবিক করার কোনো পদক্ষেপ নিতে সাহায্য করে।","try और except का उपयोग करके त्रुटि प्रबंधन से प्रोग्राम रनटाइम त्रुटियों का समाधान कर सकता है, जिससे प्रोग्राम समाप्त नहीं होता। पायथन में, त्रुटि उत्पन्न करने वाले कोड को try ब्लॉक के अंदर रखा जाता है। त्रुटि होने पर, पायथन try ब्लॉक का निष्पादन रोक देता है और तुरंत संबंधित except ब्लॉक में मौजूद कोड को चलाता है। except कीवर्ड के बाद किसी विशिष्ट त्रुटि प्रकार का उपयोग करके केवल उसी प्रकार की त्रुटि को पकड़ा जा सकता है। यह संरचना प्रोग्राम को अप्रत्याशित स्थितियों को संभालने, उपयोगी संदेश प्रदर्शित करने या त्रुटि संदेश के साथ रुकने के बजाय सुधार का प्रयास करने की अनुमति देती है।",تتيح معالجة الأخطاء باستخدام try و except للبرنامج الاستجابة لأخطاء وقت التشغيل دون التوقف. في بايثون، يُوضع الكود الذي قد يُسبب خطأً داخل كتلة try. عند حدوث خطأ، تتوقف بايثون عن تنفيذ كتلة try وتُشغّل الكود الموجود في كتلة except المقابلة فورًا. يمكن أن يتبع كلمة except نوع خطأ مُحدد لالتقاط هذا النوع من الأخطاء فقط. يُمكّن هذا الهيكل البرامج من التعامل مع الظروف غير المتوقعة، وعرض رسالة مفيدة، أو محاولة إجراء عملية استعادة بدلاً من التوقف مع رسالة خطأ.,"try மற்றும் except-ஐப் பயன்படுத்திப் பிழைகளைக் கையாள்வது, ஒரு நிரல் நிறுத்தப்படாமல் இயங்கு நேரப் பிழைகளுக்குப் பதிலளிக்க அனுமதிக்கிறது. பைத்தானில், பிழையை ஏற்படுத்தக்கூடிய குறியீடு ஒரு try தொகுதிக்குள் வைக்கப்படுகிறது. ஒரு பிழை ஏற்பட்டால், பைத்தான் try தொகுதியின் செயல்பாட்டை நிறுத்திவிட்டு, அதற்குரிய except தொகுதியில் உள்ள குறியீட்டை உடனடியாக இயக்குகிறது. ஒரு குறிப்பிட்ட வகை பிழையை மட்டும் பிடிப்பதற்காக, except என்ற முக்கியச்சொல்லைத் தொடர்ந்து ஒரு குறிப்பிட்ட பிழை வகையைப் பயன்படுத்தலாம். இந்த அமைப்பு, நிரல்கள் ஒரு பிழைச் செய்தியுடன் நின்றுவிடாமல், எதிர்பாராத சூழ்நிலைகளைக் கையாளவும், ஒரு பயனுள்ள செய்தியைக் காட்டவும் அல்லது ஒரு மீட்பு நடவடிக்கையை மேற்கொள்ளவும் அனுமதிக்கிறது.","Ṣíṣe àṣìṣe pẹ̀lú try and exception ń jẹ́ kí ètò kan dáhùn sí àwọn àṣìṣe runtime láìsí ìparí. Nínú Python, kódù tí ó lè fa àṣìṣe kan ni a gbé sínú try block. Tí àṣìṣe kan bá ṣẹlẹ̀, Python dẹ́kun ṣíṣe try block náà, ó sì ń ṣiṣẹ́ kódù náà lẹ́sẹ̀kẹsẹ̀ nínú block tí ó báramu. Àṣìṣe pàtó kan lè tẹ̀lé ọ̀rọ̀ aláìsí náà láti mú irú àṣìṣe yẹn nìkan. Ètò yìí ń jẹ́ kí àwọn ètò lè bójútó àwọn ipò àìròtẹ́lẹ̀, fi ìránṣẹ́ tí ó wúlò hàn, tàbí gbìyànjú ìgbésẹ̀ ìgbàpadà dípò dídúró pẹ̀lú ìránṣẹ́ àṣìṣe kan.",,
T3-16,"Scope refers to the region of a program in which a variable is accessible. In Python, a variable defined inside a function has local scope, meaning it can only be used within that function and is not accessible outside it. A variable defined outside all functions has global scope and can be read from any part of the program. If a function assigns a value to a variable with the same name as a global variable, Python treats it as a new local variable unless the global keyword is used. Understanding scope is important for avoiding errors where a variable appears to be defined but cannot be found in the current part of the program.","স্কোপ বলতে প্রোগ্রামের সেই অঞ্চলকে বোঝায় যেখানে একটি ভেরিয়েবল অ্যাক্সেসযোগ্য থাকে। পাইথনে, একটি ফাংশনের ভিতরে সংজ্ঞায়িত ভেরিয়েবলের লোকাল স্কোপ থাকে, যার অর্থ এটি শুধুমাত্র সেই ফাংশনের মধ্যেই ব্যবহার করা যায় এবং এর বাইরে অ্যাক্সেসযোগ্য নয়। সমস্ত ফাংশনের বাইরে সংজ্ঞায়িত ভেরিয়েবলের গ্লোবাল স্কোপ থাকে এবং প্রোগ্রামের যেকোনো অংশ থেকে এটি পড়া যায়। যদি কোনো ফাংশন একটি গ্লোবাল ভেরিয়েবলের মতো একই নামের কোনো ভেরিয়েবলে মান অ্যাসাইন করে, তাহলে পাইথন এটিকে একটি নতুন লোকাল ভেরিয়েবল হিসেবে গণ্য করে, যদি না 'global' কীওয়ার্ডটি ব্যবহার করা হয়। স্কোপ বোঝা গুরুত্বপূর্ণ, কারণ এটি এমন ত্রুটি এড়াতে সাহায্য করে যেখানে একটি ভেরিয়েবল সংজ্ঞায়িত হয়েছে বলে মনে হলেও প্রোগ্রামের বর্তমান অংশে এটিকে খুঁজে পাওয়া যায় না।","स्कोप से तात्पर्य प्रोग्राम के उस क्षेत्र से है जिसमें कोई वेरिएबल एक्सेस किया जा सकता है। पायथन में, किसी फ़ंक्शन के अंदर परिभाषित वेरिएबल का स्कोप लोकल होता है, जिसका अर्थ है कि इसका उपयोग केवल उसी फ़ंक्शन के भीतर किया जा सकता है और इसे उसके बाहर एक्सेस नहीं किया जा सकता है। सभी फ़ंक्शन के बाहर परिभाषित वेरिएबल का स्कोप ग्लोबल होता है और इसे प्रोग्राम के किसी भी भाग से पढ़ा जा सकता है। यदि कोई फ़ंक्शन किसी ऐसे वेरिएबल को मान असाइन करता है जिसका नाम किसी ग्लोबल वेरिएबल के समान है, तो पायथन इसे एक नए लोकल वेरिएबल के रूप में मानता है, जब तक कि ग्लोबल कीवर्ड का उपयोग न किया जाए। स्कोप को समझना महत्वपूर्ण है ताकि उन त्रुटियों से बचा जा सके जहां कोई वेरिएबल परिभाषित प्रतीत होता है लेकिन प्रोग्राम के वर्तमान भाग में नहीं पाया जा सकता है।",يشير النطاق إلى المنطقة في البرنامج التي يمكن الوصول فيها إلى متغير. في بايثون، يكون للمتغير المُعرَّف داخل دالة نطاق محلي، أي أنه لا يمكن استخدامه إلا داخل تلك الدالة ولا يمكن الوصول إليه خارجها. أما المتغير المُعرَّف خارج جميع الدوال فيكون له نطاق عام، ويمكن قراءته من أي جزء من البرنامج. إذا أسندت دالة قيمة إلى متغير يحمل نفس اسم متغير عام، فإن بايثون تتعامل معه كمتغير محلي جديد ما لم يتم استخدام الكلمة المفتاحية `global`. يُعد فهم النطاق أمرًا بالغ الأهمية لتجنب الأخطاء التي قد تحدث عندما يبدو أن متغيرًا ما مُعرَّف ولكنه غير موجود في الجزء الحالي من البرنامج.,"ஸ்கோப் என்பது ஒரு நிரலில் ஒரு மாறி அணுகக்கூடிய பகுதியைக் குறிக்கிறது. பைத்தானில், ஒரு ஃபங்ஷனுக்குள் வரையறுக்கப்பட்ட மாறிக்கு லோக்கல் ஸ்கோப் உண்டு. அதாவது, அதை அந்த ஃபங்ஷனுக்குள் மட்டுமே பயன்படுத்த முடியும், அதற்கு வெளியே அணுக முடியாது. எல்லா ஃபங்ஷன்களுக்கும் வெளியே வரையறுக்கப்பட்ட மாறிக்கு குளோபல் ஸ்கோப் உண்டு, அதை நிரலின் எந்தப் பகுதியிலிருந்தும் படிக்க முடியும். ஒரு ஃபங்ஷன், குளோபல் மாறியின் அதே பெயரைக் கொண்ட ஒரு மாறிக்கு மதிப்பை ஒதுக்கினால், 'global' என்ற கீவேர்டு பயன்படுத்தப்படாவிட்டால், பைத்தான் அதை ஒரு புதிய லோக்கல் மாறியாகக் கருதுகிறது. ஒரு மாறி வரையறுக்கப்பட்டதாகத் தோன்றினாலும், நிரலின் தற்போதைய பகுதியில் அதைக் கண்டுபிடிக்க முடியாத பிழைகளைத் தவிர்க்க, ஸ்கோப்பைப் புரிந்துகொள்வது முக்கியம்.","Àkójọpọ̀ tọ́ka sí agbègbè ètò kan tí a lè rí oníyípadà. Nínú Python, oníyípadà tí a túmọ̀ sí inú iṣẹ́ kan ní àkójọpọ̀ agbègbè, èyí tí ó túmọ̀ sí wípé a lè lò ó nínú iṣẹ́ náà nìkan, kò sì ṣeé lò níta rẹ̀. Oníyípadà tí a ṣàlàyé síta gbogbo iṣẹ́ ní àkójọpọ̀ àgbáyé, a sì lè kà á láti apá èyíkéyìí nínú ètò náà. Tí iṣẹ́ kan bá fi iye kan fún oníyípadà kan tí ó ní orúkọ kan náà gẹ́gẹ́ bí oníyípadà àgbáyé, Python ń lò ó gẹ́gẹ́ bí oníyípadà àdúgbò tuntun àyàfi tí a bá lo ọ̀rọ̀ pàtàkì àgbáyé. Lílóye oníwọ̀n ṣe pàtàkì fún yíyẹra fún àṣìṣe níbi tí ó ti dàbí pé a ti ṣàlàyé oníwọ̀n ṣùgbọ́n a kò le rí i ní apá ìsinsìnyí nínú ètò náà.",,
T3-17,"Boolean logic allows a program to combine multiple conditions into a single expression. In Python, the and operator returns True only when both conditions it connects are true. The or operator returns True when at least one of the conditions it connects is true. The not operator reverses the truth value of a single condition, returning True if the condition is false and False if the condition is true. For example, a condition that checks whether a number is greater than zero and less than ten uses the and operator to require both conditions to be satisfied simultaneously.","বুলিয়ান লজিক একটি প্রোগ্রামকে একাধিক শর্তকে একটিমাত্র এক্সপ্রেশনে একত্রিত করার সুযোগ দেয়। পাইথনে, 'and' অপারেটরটি শুধুমাত্র তখনই True রিটার্ন করে যখন এর দ্বারা সংযুক্ত উভয় শর্তই সত্য হয়। 'or' অপারেটরটি তখনই True রিটার্ন করে যখন এর দ্বারা সংযুক্ত শর্তগুলোর মধ্যে অন্তত একটি সত্য হয়। 'not' অপারেটরটি একটিমাত্র শর্তের সত্যতার মানকে উল্টে দেয়; শর্তটি মিথ্যা হলে True এবং সত্য হলে False রিটার্ন করে। উদাহরণস্বরূপ, কোনো একটি সংখ্যা শূন্যের চেয়ে বড় এবং দশের চেয়ে ছোট কিনা তা পরীক্ষা করার জন্য, উভয় শর্ত একই সাথে পূরণ হওয়া আবশ্যক করতে 'and' অপারেটরটি ব্যবহৃত হয়।","बूलियन लॉजिक किसी प्रोग्राम को कई शर्तों को एक ही एक्सप्रेशन में संयोजित करने की अनुमति देता है। पायथन में, 'एंड' ऑपरेटर केवल तभी ट्रू लौटाता है जब दोनों शर्तें सत्य हों। 'ऑर' ऑपरेटर तब ट्रू लौटाता है जब कम से कम एक शर्त सत्य हो। 'नॉट' ऑपरेटर किसी एक शर्त के सत्य मान को उलट देता है, यानी यदि शर्त असत्य है तो ट्रू और यदि सत्य है तो असत्य लौटाता है। उदाहरण के लिए, एक शर्त जो यह जांचती है कि कोई संख्या शून्य से बड़ी और दस से छोटी है या नहीं, उसमें 'एंड' ऑपरेटर का उपयोग किया जाता है, जिसके लिए दोनों शर्तों का एक साथ संतुष्ट होना आवश्यक है।","يُمكّن المنطق البولياني البرنامج من دمج عدة شروط في تعبير واحد. في لغة بايثون، يُرجع عامل الربط ""و"" القيمة ""صحيح"" فقط عندما يكون كلا الشرطين المرتبطين به صحيحين. بينما يُرجع عامل الربط ""أو"" القيمة ""صحيح"" عندما يكون أحد الشرطين المرتبطين به صحيحًا على الأقل. أما عامل الربط ""ليس"" فيعكس قيمة الشرط الواحد، حيث يُرجع القيمة ""صحيح"" إذا كان الشرط خاطئًا، والقيمة ""خطأ"" إذا كان صحيحًا. على سبيل المثال، يستخدم الشرط الذي يتحقق مما إذا كان عدد ما أكبر من صفر وأصغر من عشرة عامل الربط ""و"" لضمان تحقق كلا الشرطين في آن واحد.","பூலியன் தர்க்கம், ஒரு நிரல் பல நிபந்தனைகளை ஒரே கோவையில் இணைக்க அனுமதிக்கிறது. பைத்தானில், 'and' செயலி அது இணைக்கும் இரண்டு நிபந்தனைகளும் உண்மையாக இருக்கும்போது மட்டுமே 'True' எனத் திருப்பியளிக்கும். 'or' செயலி அது இணைக்கும் நிபந்தனைகளில் குறைந்தபட்சம் ஒன்று உண்மையாக இருக்கும்போது 'True' எனத் திருப்பியளிக்கும். 'not' செயலி ஒரு நிபந்தனையின் உண்மை மதிப்பைத் தலைகீழாக்கி, நிபந்தனை தவறாக இருந்தால் 'True' என்றும், உண்மையாக இருந்தால் 'False' என்றும் திருப்பியளிக்கும். எடுத்துக்காட்டாக, ஒரு எண் பூஜ்ஜியத்தை விடப் பெரியதா மற்றும் பத்தை விடச் சிறியதா என்பதைச் சரிபார்க்கும் ஒரு நிபந்தனை, இரண்டு நிபந்தனைகளும் ஒரே நேரத்தில் பூர்த்தி செய்யப்பட வேண்டும் என்பதைக் கோருவதற்கு 'and' செயலியைப் பயன்படுத்துகிறது.","Ìlànà Boolean gba ètò láyè láti so ọ̀pọ̀lọpọ̀ ipò pọ̀ sínú ìṣàfihàn kan ṣoṣo. Nínú Python, àti olùṣiṣẹ́ náà yóò dá Òótọ́ padà kìkì nígbà tí àwọn ipò méjèèjì tí ó so pọ̀ bá jẹ́ òótọ́. Olùṣiṣẹ́ náà yóò dá Òótọ́ padà nígbà tí ó kéré tán ọ̀kan nínú àwọn ipò tí ó so pọ̀ bá jẹ́ òótọ́. Olùṣiṣẹ́ tí kì í ṣe olùṣiṣẹ́ náà yóò yí iye òótọ́ ti ipò kan padà, yóò dá Òótọ́ padà tí ipò náà bá jẹ́ èké àti Èké tí ipò náà bá jẹ́ òótọ́. Fún àpẹẹrẹ, ipò tí ó ń ṣàyẹ̀wò bóyá nọ́mbà kan tóbi ju òdo lọ àti pé ó kéré sí mẹ́wàá lo olùṣiṣẹ́ náà láti béèrè pé kí a mú àwọn ipò méjèèjì ṣẹ ní àkókò kan náà.",,
T3-18,"Type conversion is the process of changing a value from one data type to another. In Python, functions such as int(), float(), and str() are used to perform explicit type conversion. For example, passing the string ""42"" to the int() function returns the integer value forty-two, which can then be used in arithmetic operations. Type conversion is necessary when data is received as a string from user input but must be used in a numeric calculation. If the value cannot be converted to the requested type, Python raises a ValueError.","টাইপ কনভার্সন হলো একটি ভ্যালুকে এক ডেটা টাইপ থেকে অন্য ডেটা টাইপে পরিবর্তন করার প্রক্রিয়া। পাইথনে, int(), float(), এবং str() এর মতো ফাংশনগুলো সুস্পষ্ট টাইপ কনভার্সন করার জন্য ব্যবহৃত হয়। উদাহরণস্বরূপ, int() ফাংশনে ""42"" স্ট্রিংটি পাস করলে forty-two পূর্ণসংখ্যাটি রিটার্ন হয়, যা পরবর্তীতে গাণিতিক কাজে ব্যবহার করা যায়। যখন ব্যবহারকারীর ইনপুট থেকে ডেটা স্ট্রিং হিসেবে আসে কিন্তু তা কোনো সংখ্যাসূচক গণনায় ব্যবহার করতে হয়, তখন টাইপ কনভার্সনের প্রয়োজন হয়। যদি ভ্যালুটি অনুরোধ করা টাইপে রূপান্তর করা না যায়, তাহলে পাইথন একটি ValueError দেখায়।","टाइप कन्वर्ज़न एक डेटा टाइप से दूसरे डेटा टाइप में मान बदलने की प्रक्रिया है। पायथन में, int(), float() और str() जैसे फ़ंक्शन का उपयोग स्पष्ट टाइप कन्वर्ज़न करने के लिए किया जाता है। उदाहरण के लिए, int() फ़ंक्शन में ""42"" स्ट्रिंग पास करने पर पूर्णांक मान ""42"" प्राप्त होता है, जिसका उपयोग अंकगणितीय संक्रियाओं में किया जा सकता है। टाइप कन्वर्ज़न तब आवश्यक होता है जब उपयोगकर्ता से स्ट्रिंग के रूप में डेटा प्राप्त होता है लेकिन उसे संख्यात्मक गणना में उपयोग किया जाना चाहिए। यदि मान को अपेक्षित टाइप में परिवर्तित नहीं किया जा सकता है, तो पायथन ValueError उत्पन्न करता है।","تحويل النوع هو عملية تغيير قيمة من نوع بيانات إلى آخر. في بايثون، تُستخدم دوال مثل int() و float() و str() لإجراء تحويل النوع بشكل صريح. على سبيل المثال، تمرير السلسلة النصية ""42"" إلى دالة int() يُعيد القيمة العددية ""اثنان وأربعون""، والتي يمكن استخدامها بعد ذلك في العمليات الحسابية. يُعد تحويل النوع ضروريًا عندما يتم استقبال البيانات كسلسلة نصية من مُدخلات المستخدم، ولكن يجب استخدامها في عملية حسابية. إذا تعذّر تحويل القيمة إلى النوع المطلوب، تُصدر بايثون خطأ ValueError.","வகை மாற்றம் என்பது ஒரு மதிப்பை ஒரு தரவு வகையிலிருந்து மற்றொரு தரவு வகைக்கு மாற்றும் செயல்முறையாகும். பைத்தானில், int(), float(), மற்றும் str() போன்ற சார்புகள் வெளிப்படையான வகை மாற்றத்தைச் செய்யப் பயன்படுத்தப்படுகின்றன. எடுத்துக்காட்டாக, ""42"" என்ற சரத்தை int() சார்புக்கு அனுப்பும்போது, ​​அது நாற்பத்திரண்டு என்ற முழு எண் மதிப்பைத் தரும், இதை எண்கணிதச் செயல்பாடுகளில் பயன்படுத்தலாம். பயனர் உள்ளீட்டிலிருந்து தரவு ஒரு சரமாகப் பெறப்பட்டு, அது ஒரு எண் கணக்கீட்டில் பயன்படுத்தப்பட வேண்டியிருக்கும் போது வகை மாற்றம் அவசியமாகிறது. கோரப்பட்ட வகைக்கு மதிப்பை மாற்ற முடியாவிட்டால், பைத்தான் ஒரு ValueError-ஐ எழுப்புகிறது.","Ìyípadà irú jẹ́ ìlànà yíyípadà iye láti irú data kan sí òmíràn. Nínú Python, a lo àwọn iṣẹ́ bíi int(), float(), àti str() láti ṣe ìyípadà irú tí ó ṣe kedere. Fún àpẹẹrẹ, fífi okùn ""42"" sí iṣẹ́ int() dá iye odidi padà ní ogoji-méjì, èyí tí a lè lò nínú àwọn iṣẹ́ ìṣirò. Ìyípadà irú ṣe pàtàkì nígbà tí a bá gba data gẹ́gẹ́ bí okùn láti inú ìtẹ̀síwájú olùlò ṣùgbọ́n a gbọ́dọ̀ lò ó nínú ìṣirò nọ́mbà. Tí a kò bá lè yí iye náà padà sí irú tí a béèrè fún, Python gbé ValueError sókè.",,
T3-19,"Variables and assignment — this item is intentionally placed separately from T3-01 to demonstrate a second concept dimension. A variable name must follow specific rules in Python: it may contain letters, digits, and underscores, but it cannot begin with a digit, and it cannot be one of Python's reserved keywords such as if, for, or return. Variable names are case-sensitive, so a variable named total and a variable named Total are treated as two different variables. Choosing descriptive variable names makes programs easier to read and maintain. Well-named variables communicate the purpose of the stored value without requiring additional comments.","ভেরিয়েবল এবং অ্যাসাইনমেন্ট — এই বিষয়টি ইচ্ছাকৃতভাবে T3-01 থেকে আলাদা রাখা হয়েছে একটি দ্বিতীয় ধারণাগত মাত্রা প্রদর্শন করার জন্য। পাইথনে একটি ভেরিয়েবলের নামকে অবশ্যই নির্দিষ্ট নিয়ম মেনে চলতে হয়: এতে অক্ষর, সংখ্যা এবং আন্ডারস্কোর থাকতে পারে, কিন্তু এটি কোনো সংখ্যা দিয়ে শুরু হতে পারে না এবং এটি পাইথনের সংরক্ষিত কীওয়ার্ড যেমন if, for, বা return-এর কোনোটি হতে পারে না। ভেরিয়েবলের নাম কেস-সেনসিটিভ, তাই total নামের একটি ভেরিয়েবল এবং Total নামের আরেকটি ভেরিয়েবলকে দুটি ভিন্ন ভেরিয়েবল হিসেবে গণ্য করা হয়। বর্ণনামূলক ভেরিয়েবলের নাম বেছে নিলে প্রোগ্রাম পড়া এবং রক্ষণাবেক্ষণ করা সহজ হয়। ভালোভাবে নামকরণ করা ভেরিয়েবলগুলো অতিরিক্ত কমেন্টের প্রয়োজন ছাড়াই সংরক্ষিত মানের উদ্দেশ্য প্রকাশ করে।","चर और असाइनमेंट — इस विषय को जानबूझकर T3-01 से अलग रखा गया है ताकि अवधारणा के दूसरे आयाम को प्रदर्शित किया जा सके। पाइथन में चर के नाम के लिए कुछ विशिष्ट नियम हैं: इसमें अक्षर, अंक और अंडरस्कोर हो सकते हैं, लेकिन यह अंक से शुरू नहीं हो सकता, और यह पाइथन के आरक्षित कीवर्ड जैसे if, for या return में से कोई भी नहीं हो सकता। चर के नाम केस-सेंसिटिव होते हैं, इसलिए total और Total नाम के चर को दो अलग-अलग चर माना जाता है। वर्णनात्मक चर नाम चुनने से प्रोग्राम को पढ़ना और उसका रखरखाव करना आसान हो जाता है। सही नाम वाले चर अतिरिक्त टिप्पणियों की आवश्यकता के बिना संग्रहीत मान के उद्देश्य को स्पष्ट करते हैं।",المتغيرات وتعيين القيم — تم وضع هذا البند بشكل منفصل عن T3-01 عمدًا لتوضيح بُعدٍ ثانٍ للمفهوم. يجب أن يلتزم اسم المتغير بقواعد محددة في بايثون: يجوز أن يحتوي على أحرف وأرقام وشرطات سفلية، لكن لا يجوز أن يبدأ برقم، ولا يجوز أن يكون من الكلمات المحجوزة في بايثون مثل if أو for أو return. أسماء المتغيرات حساسة لحالة الأحرف، لذا يُعامل المتغير المسمى total والمتغير المسمى Total كمتغيرين مختلفين. اختيار أسماء متغيرات وصفية يجعل البرامج أسهل في القراءة والصيانة. تُوضح المتغيرات ذات الأسماء الجيدة الغرض من القيمة المخزنة دون الحاجة إلى تعليقات إضافية.,"மாறிகள் மற்றும் ஒதுக்கீடு — இரண்டாவது கருத்துப் பரிமாணத்தை விளக்குவதற்காக, இந்தக் கூறு T3-01-இலிருந்து வேண்டுமென்றே தனியாக வைக்கப்பட்டுள்ளது. பைத்தானில் ஒரு மாறிப் பெயர் குறிப்பிட்ட விதிகளைப் பின்பற்ற வேண்டும்: அதில் எழுத்துக்கள், இலக்கங்கள் மற்றும் அடிக்கோடுகள் இருக்கலாம், ஆனால் அது ஒரு இலக்கத்தில் தொடங்கக்கூடாது, மேலும் அது if, for, அல்லது return போன்ற பைத்தானின் ஒதுக்கப்பட்ட முக்கியச் சொற்களில் ஒன்றாகவும் இருக்கக்கூடாது. மாறிப் பெயர்கள் பெரிய எழுத்து, சிறிய எழுத்து வேறுபாடுகளைக் கருத்தில் கொள்ளும் (case-sensitive), எனவே total என்ற பெயருடைய ஒரு மாறியும் Total என்ற பெயருடைய ஒரு மாறியும் இரண்டு வெவ்வேறு மாறிகளாகக் கருதப்படுகின்றன. விளக்கமான மாறிப் பெயர்களைத் தேர்ந்தெடுப்பது, நிரல்களைப் படிக்கவும் பராமரிக்கவும் எளிதாக்குகிறது. நன்கு பெயரிடப்பட்ட மாறிகள், கூடுதல் விளக்கக் குறிப்புகள் தேவைப்படாமல், சேமிக்கப்பட்ட மதிப்பின் நோக்கத்தைத் தெரிவிக்கின்றன.","Àwọn oníyípadà àti iṣẹ́ àyànfúnni — a fi ohun yìí síta láti T3-01 láti fi ìwọ̀n èrò kejì hàn. Orúkọ oníyípadà gbọ́dọ̀ tẹ̀lé àwọn òfin pàtó nínú Python: ó lè ní àwọn lẹ́tà, àwọn nọ́mbà, àti àwọn àmì ìsàlẹ̀, ṣùgbọ́n kò lè bẹ̀rẹ̀ pẹ̀lú nọ́mbà kan, kò sì le jẹ́ ọ̀kan lára ​​àwọn ọ̀rọ̀ pàtàkì tí a fipamọ́ fún Python bíi if, for, tàbí return. Àwọn orúkọ oníyípadà jẹ́ èyí tí ó ní ìmọ̀lára sí ọ̀rọ̀, nítorí náà a máa ń wo oníyípadà tí a pè ní àpapọ̀ àti oníyípadà tí a pè ní Total gẹ́gẹ́ bí oníyípadà méjì tí ó yàtọ̀. Yíyan àwọn orúkọ oníyípadà tí a ṣàpèjúwe mú kí àwọn ètò rọrùn láti kà àti láti tọ́jú. Àwọn oníyípadà tí a pè ní orúkọ rere ń sọ ète iye tí a fipamọ́ láìsí pé a nílò àwọn àkíyèsí afikún.",,
T3-20,"Lists and mutability represent an important property that distinguishes lists from some other data types in Python. A list is mutable, meaning its elements can be changed after the list is created. An element can be replaced by assigning a new value to a specific index. Elements can be added to a list using the append() method, which places the new element at the end. Elements can be removed using the remove() method, which deletes the first occurrence of a specified value, or using the pop() method, which removes the element at a specified index and returns it.","লিস্ট এবং এর পরিবর্তনযোগ্যতা (mutability) একটি গুরুত্বপূর্ণ বৈশিষ্ট্য যা পাইথনের অন্যান্য ডেটা টাইপ থেকে লিস্টকে আলাদা করে। একটি লিস্ট পরিবর্তনযোগ্য (mutable), অর্থাৎ লিস্ট তৈরি করার পরেও এর উপাদানগুলো পরিবর্তন করা যায়। একটি নির্দিষ্ট ইনডেক্সে নতুন মান অ্যাসাইন করার মাধ্যমে কোনো উপাদানকে প্রতিস্থাপন করা যায়। append() মেথড ব্যবহার করে লিস্টে উপাদান যোগ করা যায়, যা নতুন উপাদানটিকে শেষে স্থাপন করে। remove() মেথড ব্যবহার করে উপাদান মুছে ফেলা যায়, যা একটি নির্দিষ্ট মানের প্রথম উপস্থিতি মুছে দেয়, অথবা pop() মেথড ব্যবহার করে, যা একটি নির্দিষ্ট ইনডেক্সের উপাদানটি মুছে ফেলে এবং সেটি রিটার্ন করে।","सूची और उसकी परिवर्तनशीलता, पायथन में अन्य डेटा प्रकारों से सूचियों को अलग करने वाला एक महत्वपूर्ण गुण है। सूची परिवर्तनशील होती है, जिसका अर्थ है कि सूची बनने के बाद उसके तत्वों को बदला जा सकता है। किसी तत्व को किसी विशिष्ट इंडेक्स पर नया मान असाइन करके बदला जा सकता है। सूची में तत्व जोड़ने के लिए append() विधि का उपयोग किया जाता है, जो नए तत्व को सूची के अंत में रखती है। तत्वों को हटाने के लिए remove() विधि का उपयोग किया जाता है, जो किसी निर्दिष्ट मान की पहली उपस्थिति को हटा देती है, या pop() विधि का उपयोग किया जाता है, जो किसी निर्दिष्ट इंडेक्स पर स्थित तत्व को हटा देती है और उसे वापस कर देती है।",تُعدّ القوائم وقابليتها للتغيير من الخصائص المهمة التي تميزها عن بعض أنواع البيانات الأخرى في بايثون. فالقائمة قابلة للتغيير، أي يمكن تعديل عناصرها بعد إنشائها. ويمكن استبدال أي عنصر بتعيين قيمة جديدة له في فهرس محدد. كما يمكن إضافة عناصر إلى القائمة باستخدام الدالة `append()`، التي تضع العنصر الجديد في نهاية القائمة. ويمكن حذف العناصر باستخدام الدالة `remove()`، التي تحذف أول ظهور لقيمة محددة، أو باستخدام الدالة `pop()`، التي تحذف العنصر الموجود في فهرس محدد وتعيده.,"பைத்தானில் உள்ள சில தரவு வகைகளிலிருந்து பட்டியல்களை வேறுபடுத்திக் காட்டும் ஒரு முக்கியப் பண்பை, பட்டியல்களும் மாற்றத்தக்க தன்மையும் குறிக்கின்றன. ஒரு பட்டியல் மாற்றத்தக்கது, அதாவது பட்டியல் உருவாக்கப்பட்ட பிறகு அதன் உறுப்புகளை மாற்ற முடியும். ஒரு குறிப்பிட்ட குறியீட்டெண்ணுக்கு (index) ஒரு புதிய மதிப்பை ஒதுக்குவதன் மூலம் ஒரு உறுப்பை மாற்றியமைக்க முடியும். append() முறையைப் பயன்படுத்தி ஒரு பட்டியலில் உறுப்புகளைச் சேர்க்கலாம், இது புதிய உறுப்பை இறுதியில் சேர்க்கிறது. remove() முறையைப் பயன்படுத்தி உறுப்புகளை நீக்கலாம், இது ஒரு குறிப்பிட்ட மதிப்பின் முதல் நிகழ்வை நீக்குகிறது, அல்லது pop() முறையைப் பயன்படுத்தி நீக்கலாம், இது ஒரு குறிப்பிட்ட குறியீட்டெண்ணில் உள்ள உறுப்பை நீக்கி அதைத் திருப்பித் தருகிறது.","Àwọn àkójọ àti ìyípadà dúró fún ohun ìní pàtàkì kan tí ó ya àwọn àkójọ sọ́tọ̀ kúrò lára ​​àwọn irú dátà míràn nínú Python. Àkójọ kan lè yí padà, èyí tí ó túmọ̀ sí wípé a lè yí àwọn ohun èlò rẹ̀ padà lẹ́yìn tí a bá ti ṣẹ̀dá àkójọ náà. A lè rọ́pò ohun èlò kan nípa fífi iye tuntun sí àkójọ kan pàtó. A lè fi àwọn ohun èlò kún àkójọ kan nípa lílo ọ̀nà append(), èyí tí ó gbé ohun èlò tuntun sí ìparí. A lè yọ àwọn ohun èlò kúrò nípa lílo ọ̀nà remove(), èyí tí ó pa ìṣẹ̀lẹ̀ àkọ́kọ́ ti iye pàtó kan rẹ́, tàbí nípa lílo ọ̀nà pop(), èyí tí ó yọ ohun èlò náà kúrò ní àkójọ kan pàtó tí ó sì dá a padà.",,