key,tier,bn_quality,language,tokenizer,tfr
T1-01,T1,clean,English,tiktoken_o200k,1.0
T1-01,T1,clean,Bengali,tiktoken_o200k,3.2
T1-01,T1,clean,Hindi,tiktoken_o200k,3.2
T1-01,T1,clean,Arabic,tiktoken_o200k,2.4
T1-01,T1,clean,Tamil,tiktoken_o200k,2.6
T1-01,T1,clean,Yoruba,tiktoken_o200k,3.6
T1-01,T1,clean,English,qwen2.5_7b,1.0
T1-01,T1,clean,Bengali,qwen2.5_7b,7.2
T1-01,T1,clean,Hindi,qwen2.5_7b,6.4
T1-01,T1,clean,Arabic,qwen2.5_7b,3.0
T1-01,T1,clean,Tamil,qwen2.5_7b,6.6
T1-01,T1,clean,Yoruba,qwen2.5_7b,4.6
T1-01,T1,clean,English,mistral_7b_v0.1,1.0
T1-01,T1,clean,Bengali,mistral_7b_v0.1,6.5
T1-01,T1,clean,Hindi,mistral_7b_v0.1,5.5
T1-01,T1,clean,Arabic,mistral_7b_v0.1,6.0
T1-01,T1,clean,Tamil,mistral_7b_v0.1,6.0
T1-01,T1,clean,Yoruba,mistral_7b_v0.1,4.166666666666667
T1-02,T1,clean,English,tiktoken_o200k,1.0
T1-02,T1,clean,Bengali,tiktoken_o200k,2.111111111111111
T1-02,T1,clean,Hindi,tiktoken_o200k,1.8888888888888888
T1-02,T1,clean,Arabic,tiktoken_o200k,2.2222222222222223
T1-02,T1,clean,Tamil,tiktoken_o200k,1.0
T1-02,T1,clean,Yoruba,tiktoken_o200k,3.2222222222222223
T1-02,T1,clean,English,qwen2.5_7b,1.0
T1-02,T1,clean,Bengali,qwen2.5_7b,6.222222222222222
T1-02,T1,clean,Hindi,qwen2.5_7b,5.222222222222222
T1-02,T1,clean,Arabic,qwen2.5_7b,2.5555555555555554
T1-02,T1,clean,Tamil,qwen2.5_7b,1.0
T1-02,T1,clean,Yoruba,qwen2.5_7b,3.7777777777777777
T1-02,T1,clean,English,mistral_7b_v0.1,1.0
T1-02,T1,clean,Bengali,mistral_7b_v0.1,5.8
T1-02,T1,clean,Hindi,mistral_7b_v0.1,5.0
T1-02,T1,clean,Arabic,mistral_7b_v0.1,5.7
T1-02,T1,clean,Tamil,mistral_7b_v0.1,1.0
T1-02,T1,clean,Yoruba,mistral_7b_v0.1,3.6
T1-03,T1,clean,English,tiktoken_o200k,1.0
T1-03,T1,clean,Bengali,tiktoken_o200k,2.5555555555555554
T1-03,T1,clean,Hindi,tiktoken_o200k,2.0
T1-03,T1,clean,Arabic,tiktoken_o200k,1.8888888888888888
T1-03,T1,clean,Tamil,tiktoken_o200k,3.6666666666666665
T1-03,T1,clean,Yoruba,tiktoken_o200k,3.2222222222222223
T1-03,T1,clean,English,qwen2.5_7b,1.0
T1-03,T1,clean,Bengali,qwen2.5_7b,8.777777777777779
T1-03,T1,clean,Hindi,qwen2.5_7b,6.111111111111111
T1-03,T1,clean,Arabic,qwen2.5_7b,2.111111111111111
T1-03,T1,clean,Tamil,qwen2.5_7b,10.666666666666666
T1-03,T1,clean,Yoruba,qwen2.5_7b,3.888888888888889
T1-03,T1,clean,English,mistral_7b_v0.1,1.0
T1-03,T1,clean,Bengali,mistral_7b_v0.1,9.222222222222221
T1-03,T1,clean,Hindi,mistral_7b_v0.1,7.222222222222222
T1-03,T1,clean,Arabic,mistral_7b_v0.1,4.444444444444445
T1-03,T1,clean,Tamil,mistral_7b_v0.1,11.222222222222221
T1-03,T1,clean,Yoruba,mistral_7b_v0.1,4.888888888888889
T1-04,T1,clean,English,tiktoken_o200k,1.0
T1-04,T1,clean,Bengali,tiktoken_o200k,1.1
T1-04,T1,clean,Hindi,tiktoken_o200k,1.9
T1-04,T1,clean,Arabic,tiktoken_o200k,1.3
T1-04,T1,clean,Tamil,tiktoken_o200k,1.6
T1-04,T1,clean,Yoruba,tiktoken_o200k,1.6
T1-04,T1,clean,English,qwen2.5_7b,1.0
T1-04,T1,clean,Bengali,qwen2.5_7b,3.1
T1-04,T1,clean,Hindi,qwen2.5_7b,3.5
T1-04,T1,clean,Arabic,qwen2.5_7b,1.7
T1-04,T1,clean,Tamil,qwen2.5_7b,5.3
T1-04,T1,clean,Yoruba,qwen2.5_7b,2.1
T1-04,T1,clean,English,mistral_7b_v0.1,1.0
T1-04,T1,clean,Bengali,mistral_7b_v0.1,3.2
T1-04,T1,clean,Hindi,mistral_7b_v0.1,4.0
T1-04,T1,clean,Arabic,mistral_7b_v0.1,4.2
T1-04,T1,clean,Tamil,mistral_7b_v0.1,5.5
T1-04,T1,clean,Yoruba,mistral_7b_v0.1,2.2
T1-05,T1,mixed,English,tiktoken_o200k,1.0
T1-05,T1,mixed,Bengali,tiktoken_o200k,1.2142857142857142
T1-05,T1,mixed,Hindi,tiktoken_o200k,1.3571428571428572
T1-05,T1,mixed,Arabic,tiktoken_o200k,1.7857142857142858
T1-05,T1,mixed,Tamil,tiktoken_o200k,1.8571428571428572
T1-05,T1,mixed,Yoruba,tiktoken_o200k,1.8571428571428572
T1-05,T1,mixed,English,qwen2.5_7b,1.0
T1-05,T1,mixed,Bengali,qwen2.5_7b,3.8461538461538463
T1-05,T1,mixed,Hindi,qwen2.5_7b,3.230769230769231
T1-05,T1,mixed,Arabic,qwen2.5_7b,2.4615384615384617
T1-05,T1,mixed,Tamil,qwen2.5_7b,4.384615384615385
T1-05,T1,mixed,Yoruba,qwen2.5_7b,2.4615384615384617
T1-05,T1,mixed,English,mistral_7b_v0.1,1.0
T1-05,T1,mixed,Bengali,mistral_7b_v0.1,3.125
T1-05,T1,mixed,Hindi,mistral_7b_v0.1,3.0
T1-05,T1,mixed,Arabic,mistral_7b_v0.1,4.5
T1-05,T1,mixed,Tamil,mistral_7b_v0.1,4.125
T1-05,T1,mixed,Yoruba,mistral_7b_v0.1,1.9375
T1-06,T1,mixed,English,tiktoken_o200k,1.0
T1-06,T1,mixed,Bengali,tiktoken_o200k,1.2777777777777777
T1-06,T1,mixed,Hindi,tiktoken_o200k,1.2222222222222223
T1-06,T1,mixed,Arabic,tiktoken_o200k,1.6111111111111112
T1-06,T1,mixed,Tamil,tiktoken_o200k,1.3333333333333333
T1-06,T1,mixed,Yoruba,tiktoken_o200k,1.8888888888888888
T1-06,T1,mixed,English,qwen2.5_7b,1.0
T1-06,T1,mixed,Bengali,qwen2.5_7b,2.7058823529411766
T1-06,T1,mixed,Hindi,qwen2.5_7b,2.3529411764705883
T1-06,T1,mixed,Arabic,qwen2.5_7b,1.6470588235294117
T1-06,T1,mixed,Tamil,qwen2.5_7b,3.4705882352941178
T1-06,T1,mixed,Yoruba,qwen2.5_7b,2.411764705882353
T1-06,T1,mixed,English,mistral_7b_v0.1,1.0
T1-06,T1,mixed,Bengali,mistral_7b_v0.1,2.4
T1-06,T1,mixed,Hindi,mistral_7b_v0.1,2.4
T1-06,T1,mixed,Arabic,mistral_7b_v0.1,3.1
T1-06,T1,mixed,Tamil,mistral_7b_v0.1,2.95
T1-06,T1,mixed,Yoruba,mistral_7b_v0.1,2.3
T1-07,T1,mixed,English,tiktoken_o200k,1.0
T1-07,T1,mixed,Bengali,tiktoken_o200k,1.3
T1-07,T1,mixed,Hindi,tiktoken_o200k,1.3
T1-07,T1,mixed,Arabic,tiktoken_o200k,1.4
T1-07,T1,mixed,Tamil,tiktoken_o200k,1.9
T1-07,T1,mixed,Yoruba,tiktoken_o200k,2.1
T1-07,T1,mixed,English,qwen2.5_7b,1.0
T1-07,T1,mixed,Bengali,qwen2.5_7b,3.0
T1-07,T1,mixed,Hindi,qwen2.5_7b,2.6
T1-07,T1,mixed,Arabic,qwen2.5_7b,1.7
T1-07,T1,mixed,Tamil,qwen2.5_7b,5.0
T1-07,T1,mixed,Yoruba,qwen2.5_7b,2.7
T1-07,T1,mixed,English,mistral_7b_v0.1,1.0
T1-07,T1,mixed,Bengali,mistral_7b_v0.1,2.9
T1-07,T1,mixed,Hindi,mistral_7b_v0.1,2.7
T1-07,T1,mixed,Arabic,mistral_7b_v0.1,3.0
T1-07,T1,mixed,Tamil,mistral_7b_v0.1,5.0
T1-07,T1,mixed,Yoruba,mistral_7b_v0.1,2.7
T1-08,T1,mixed,English,tiktoken_o200k,1.0
T1-08,T1,mixed,Bengali,tiktoken_o200k,2.4
T1-08,T1,mixed,Hindi,tiktoken_o200k,2.1
T1-08,T1,mixed,Arabic,tiktoken_o200k,2.1
T1-08,T1,mixed,Tamil,tiktoken_o200k,2.4
T1-08,T1,mixed,Yoruba,tiktoken_o200k,2.6
T1-08,T1,mixed,English,qwen2.5_7b,1.0
T1-08,T1,mixed,Bengali,qwen2.5_7b,6.5
T1-08,T1,mixed,Hindi,qwen2.5_7b,6.1
T1-08,T1,mixed,Arabic,qwen2.5_7b,2.4
T1-08,T1,mixed,Tamil,qwen2.5_7b,8.4
T1-08,T1,mixed,Yoruba,qwen2.5_7b,3.3
T1-08,T1,mixed,English,mistral_7b_v0.1,1.0
T1-08,T1,mixed,Bengali,mistral_7b_v0.1,6.0
T1-08,T1,mixed,Hindi,mistral_7b_v0.1,6.181818181818182
T1-08,T1,mixed,Arabic,mistral_7b_v0.1,4.454545454545454
T1-08,T1,mixed,Tamil,mistral_7b_v0.1,8.090909090909092
T1-08,T1,mixed,Yoruba,mistral_7b_v0.1,3.272727272727273
T1-09,T1,clean,English,tiktoken_o200k,1.0
T1-09,T1,clean,Bengali,tiktoken_o200k,2.3
T1-09,T1,clean,Hindi,tiktoken_o200k,1.9
T1-09,T1,clean,Arabic,tiktoken_o200k,0.9
T1-09,T1,clean,Tamil,tiktoken_o200k,2.9
T1-09,T1,clean,Yoruba,tiktoken_o200k,2.5
T1-09,T1,clean,English,qwen2.5_7b,1.0
T1-09,T1,clean,Bengali,qwen2.5_7b,7.2
T1-09,T1,clean,Hindi,qwen2.5_7b,5.0
T1-09,T1,clean,Arabic,qwen2.5_7b,0.9
T1-09,T1,clean,Tamil,qwen2.5_7b,8.6
T1-09,T1,clean,Yoruba,qwen2.5_7b,3.3
T1-09,T1,clean,English,mistral_7b_v0.1,1.0
T1-09,T1,clean,Bengali,mistral_7b_v0.1,7.2
T1-09,T1,clean,Hindi,mistral_7b_v0.1,5.8
T1-09,T1,clean,Arabic,mistral_7b_v0.1,3.2
T1-09,T1,clean,Tamil,mistral_7b_v0.1,8.5
T1-09,T1,clean,Yoruba,mistral_7b_v0.1,3.2
T1-10,T1,mixed,English,tiktoken_o200k,1.0
T1-10,T1,mixed,Bengali,tiktoken_o200k,1.375
T1-10,T1,mixed,Hindi,tiktoken_o200k,2.0
T1-10,T1,mixed,Arabic,tiktoken_o200k,1.75
T1-10,T1,mixed,Tamil,tiktoken_o200k,2.75
T1-10,T1,mixed,Yoruba,tiktoken_o200k,2.375
T1-10,T1,mixed,English,qwen2.5_7b,1.0
T1-10,T1,mixed,Bengali,qwen2.5_7b,3.75
T1-10,T1,mixed,Hindi,qwen2.5_7b,5.125
T1-10,T1,mixed,Arabic,qwen2.5_7b,2.25
T1-10,T1,mixed,Tamil,qwen2.5_7b,8.25
T1-10,T1,mixed,Yoruba,qwen2.5_7b,3.125
T1-10,T1,mixed,English,mistral_7b_v0.1,1.0
T1-10,T1,mixed,Bengali,mistral_7b_v0.1,3.75
T1-10,T1,mixed,Hindi,mistral_7b_v0.1,5.625
T1-10,T1,mixed,Arabic,mistral_7b_v0.1,4.375
T1-10,T1,mixed,Tamil,mistral_7b_v0.1,8.75
T1-10,T1,mixed,Yoruba,mistral_7b_v0.1,3.125
T1-11,T1,english_retained,English,tiktoken_o200k,1.0
T1-11,T1,english_retained,Bengali,tiktoken_o200k,1.0
T1-11,T1,english_retained,Hindi,tiktoken_o200k,1.6666666666666667
T1-11,T1,english_retained,Arabic,tiktoken_o200k,1.5
T1-11,T1,english_retained,Tamil,tiktoken_o200k,1.8333333333333333
T1-11,T1,english_retained,Yoruba,tiktoken_o200k,1.8333333333333333
T1-11,T1,english_retained,English,qwen2.5_7b,1.0
T1-11,T1,english_retained,Bengali,qwen2.5_7b,1.0
T1-11,T1,english_retained,Hindi,qwen2.5_7b,2.8333333333333335
T1-11,T1,english_retained,Arabic,qwen2.5_7b,1.5
T1-11,T1,english_retained,Tamil,qwen2.5_7b,3.5
T1-11,T1,english_retained,Yoruba,qwen2.5_7b,2.1666666666666665
T1-11,T1,english_retained,English,mistral_7b_v0.1,1.0
T1-11,T1,english_retained,Bengali,mistral_7b_v0.1,1.0
T1-11,T1,english_retained,Hindi,mistral_7b_v0.1,3.1666666666666665
T1-11,T1,english_retained,Arabic,mistral_7b_v0.1,2.8333333333333335
T1-11,T1,english_retained,Tamil,mistral_7b_v0.1,3.5
T1-11,T1,english_retained,Yoruba,mistral_7b_v0.1,2.1666666666666665
T1-12,T1,mixed,English,tiktoken_o200k,1.0
T1-12,T1,mixed,Bengali,tiktoken_o200k,1.2857142857142858
T1-12,T1,mixed,Hindi,tiktoken_o200k,2.0
T1-12,T1,mixed,Arabic,tiktoken_o200k,1.8571428571428572
T1-12,T1,mixed,Tamil,tiktoken_o200k,3.5714285714285716
T1-12,T1,mixed,Yoruba,tiktoken_o200k,2.0
T1-12,T1,mixed,English,qwen2.5_7b,1.0
T1-12,T1,mixed,Bengali,qwen2.5_7b,3.142857142857143
T1-12,T1,mixed,Hindi,qwen2.5_7b,4.714285714285714
T1-12,T1,mixed,Arabic,qwen2.5_7b,2.0
T1-12,T1,mixed,Tamil,qwen2.5_7b,8.0
T1-12,T1,mixed,Yoruba,qwen2.5_7b,2.2857142857142856
T1-12,T1,mixed,English,mistral_7b_v0.1,1.0
T1-12,T1,mixed,Bengali,mistral_7b_v0.1,3.0
T1-12,T1,mixed,Hindi,mistral_7b_v0.1,4.25
T1-12,T1,mixed,Arabic,mistral_7b_v0.1,3.875
T1-12,T1,mixed,Tamil,mistral_7b_v0.1,8.25
T1-12,T1,mixed,Yoruba,mistral_7b_v0.1,2.125
T1-13,T1,clean,English,tiktoken_o200k,1.0
T1-13,T1,clean,Bengali,tiktoken_o200k,1.5
T1-13,T1,clean,Hindi,tiktoken_o200k,1.6
T1-13,T1,clean,Arabic,tiktoken_o200k,1.7
T1-13,T1,clean,Tamil,tiktoken_o200k,2.8
T1-13,T1,clean,Yoruba,tiktoken_o200k,2.8
T1-13,T1,clean,English,qwen2.5_7b,1.0
T1-13,T1,clean,Bengali,qwen2.5_7b,3.9
T1-13,T1,clean,Hindi,qwen2.5_7b,4.4
T1-13,T1,clean,Arabic,qwen2.5_7b,1.9
T1-13,T1,clean,Tamil,qwen2.5_7b,8.6
T1-13,T1,clean,Yoruba,qwen2.5_7b,3.7
T1-13,T1,clean,English,mistral_7b_v0.1,1.0
T1-13,T1,clean,Bengali,mistral_7b_v0.1,3.8181818181818183
T1-13,T1,clean,Hindi,mistral_7b_v0.1,4.454545454545454
T1-13,T1,clean,Arabic,mistral_7b_v0.1,4.7272727272727275
T1-13,T1,clean,Tamil,mistral_7b_v0.1,8.454545454545455
T1-13,T1,clean,Yoruba,mistral_7b_v0.1,3.727272727272727
T1-14,T1,mixed,English,tiktoken_o200k,1.0
T1-14,T1,mixed,Bengali,tiktoken_o200k,1.5
T1-14,T1,mixed,Hindi,tiktoken_o200k,1.5
T1-14,T1,mixed,Arabic,tiktoken_o200k,1.75
T1-14,T1,mixed,Tamil,tiktoken_o200k,1.0
T1-14,T1,mixed,Yoruba,tiktoken_o200k,2.0833333333333335
T1-14,T1,mixed,English,qwen2.5_7b,1.0
T1-14,T1,mixed,Bengali,qwen2.5_7b,3.230769230769231
T1-14,T1,mixed,Hindi,qwen2.5_7b,2.8461538461538463
T1-14,T1,mixed,Arabic,qwen2.5_7b,1.7692307692307692
T1-14,T1,mixed,Tamil,qwen2.5_7b,1.0
T1-14,T1,mixed,Yoruba,qwen2.5_7b,2.3076923076923075
T1-14,T1,mixed,English,mistral_7b_v0.1,1.0
T1-14,T1,mixed,Bengali,mistral_7b_v0.1,3.6666666666666665
T1-14,T1,mixed,Hindi,mistral_7b_v0.1,3.25
T1-14,T1,mixed,Arabic,mistral_7b_v0.1,4.25
T1-14,T1,mixed,Tamil,mistral_7b_v0.1,1.0
T1-14,T1,mixed,Yoruba,mistral_7b_v0.1,2.8333333333333335
T1-15,T1,clean,English,tiktoken_o200k,1.0
T1-15,T1,clean,Bengali,tiktoken_o200k,1.8
T1-15,T1,clean,Hindi,tiktoken_o200k,1.8
T1-15,T1,clean,Arabic,tiktoken_o200k,1.2
T1-15,T1,clean,Tamil,tiktoken_o200k,1.6
T1-15,T1,clean,Yoruba,tiktoken_o200k,1.6
T1-15,T1,clean,English,qwen2.5_7b,1.0
T1-15,T1,clean,Bengali,qwen2.5_7b,6.0
T1-15,T1,clean,Hindi,qwen2.5_7b,6.0
T1-15,T1,clean,Arabic,qwen2.5_7b,1.6
T1-15,T1,clean,Tamil,qwen2.5_7b,6.1
T1-15,T1,clean,Yoruba,qwen2.5_7b,1.9
T1-15,T1,clean,English,mistral_7b_v0.1,1.0
T1-15,T1,clean,Bengali,mistral_7b_v0.1,5.9
T1-15,T1,clean,Hindi,mistral_7b_v0.1,7.1
T1-15,T1,clean,Arabic,mistral_7b_v0.1,4.0
T1-15,T1,clean,Tamil,mistral_7b_v0.1,5.7
T1-15,T1,clean,Yoruba,mistral_7b_v0.1,2.1
T1-16,T1,mixed,English,tiktoken_o200k,1.0
T1-16,T1,mixed,Bengali,tiktoken_o200k,1.7857142857142858
T1-16,T1,mixed,Hindi,tiktoken_o200k,1.6428571428571428
T1-16,T1,mixed,Arabic,tiktoken_o200k,1.4285714285714286
T1-16,T1,mixed,Tamil,tiktoken_o200k,1.0
T1-16,T1,mixed,Yoruba,tiktoken_o200k,2.2142857142857144
T1-16,T1,mixed,English,qwen2.5_7b,1.0
T1-16,T1,mixed,Bengali,qwen2.5_7b,3.5
T1-16,T1,mixed,Hindi,qwen2.5_7b,3.357142857142857
T1-16,T1,mixed,Arabic,qwen2.5_7b,1.5
T1-16,T1,mixed,Tamil,qwen2.5_7b,1.0
T1-16,T1,mixed,Yoruba,qwen2.5_7b,2.7142857142857144
T1-16,T1,mixed,English,mistral_7b_v0.1,1.0
T1-16,T1,mixed,Bengali,mistral_7b_v0.1,3.5
T1-16,T1,mixed,Hindi,mistral_7b_v0.1,3.642857142857143
T1-16,T1,mixed,Arabic,mistral_7b_v0.1,2.9285714285714284
T1-16,T1,mixed,Tamil,mistral_7b_v0.1,1.0
T1-16,T1,mixed,Yoruba,mistral_7b_v0.1,2.7857142857142856
T1-17,T1,mixed,English,tiktoken_o200k,1.0
T1-17,T1,mixed,Bengali,tiktoken_o200k,1.8461538461538463
T1-17,T1,mixed,Hindi,tiktoken_o200k,1.6153846153846154
T1-17,T1,mixed,Arabic,tiktoken_o200k,1.6153846153846154
T1-17,T1,mixed,Tamil,tiktoken_o200k,1.0
T1-17,T1,mixed,Yoruba,tiktoken_o200k,1.5384615384615385
T1-17,T1,mixed,English,qwen2.5_7b,1.0
T1-17,T1,mixed,Bengali,qwen2.5_7b,3.6923076923076925
T1-17,T1,mixed,Hindi,qwen2.5_7b,3.4615384615384617
T1-17,T1,mixed,Arabic,qwen2.5_7b,1.5384615384615385
T1-17,T1,mixed,Tamil,qwen2.5_7b,1.0
T1-17,T1,mixed,Yoruba,qwen2.5_7b,2.0
T1-17,T1,mixed,English,mistral_7b_v0.1,1.0
T1-17,T1,mixed,Bengali,mistral_7b_v0.1,3.6923076923076925
T1-17,T1,mixed,Hindi,mistral_7b_v0.1,3.769230769230769
T1-17,T1,mixed,Arabic,mistral_7b_v0.1,3.1538461538461537
T1-17,T1,mixed,Tamil,mistral_7b_v0.1,1.0
T1-17,T1,mixed,Yoruba,mistral_7b_v0.1,2.0
T1-18,T1,clean,English,tiktoken_o200k,1.0
T1-18,T1,clean,Bengali,tiktoken_o200k,2.4444444444444446
T1-18,T1,clean,Hindi,tiktoken_o200k,2.111111111111111
T1-18,T1,clean,Arabic,tiktoken_o200k,1.6666666666666667
T1-18,T1,clean,Tamil,tiktoken_o200k,2.5555555555555554
T1-18,T1,clean,Yoruba,tiktoken_o200k,3.111111111111111
T1-18,T1,clean,English,qwen2.5_7b,1.0
T1-18,T1,clean,Bengali,qwen2.5_7b,7.111111111111111
T1-18,T1,clean,Hindi,qwen2.5_7b,6.444444444444445
T1-18,T1,clean,Arabic,qwen2.5_7b,2.0
T1-18,T1,clean,Tamil,qwen2.5_7b,8.0
T1-18,T1,clean,Yoruba,qwen2.5_7b,4.555555555555555
T1-18,T1,clean,English,mistral_7b_v0.1,1.0
T1-18,T1,clean,Bengali,mistral_7b_v0.1,7.111111111111111
T1-18,T1,clean,Hindi,mistral_7b_v0.1,7.111111111111111
T1-18,T1,clean,Arabic,mistral_7b_v0.1,5.555555555555555
T1-18,T1,clean,Tamil,mistral_7b_v0.1,8.555555555555555
T1-18,T1,clean,Yoruba,mistral_7b_v0.1,4.444444444444445
T1-19,T1,clean,English,tiktoken_o200k,1.0
T1-19,T1,clean,Bengali,tiktoken_o200k,2.4
T1-19,T1,clean,Hindi,tiktoken_o200k,2.2
T1-19,T1,clean,Arabic,tiktoken_o200k,1.4
T1-19,T1,clean,Tamil,tiktoken_o200k,2.7
T1-19,T1,clean,Yoruba,tiktoken_o200k,3.1
T1-19,T1,clean,English,qwen2.5_7b,1.0
T1-19,T1,clean,Bengali,qwen2.5_7b,6.5
T1-19,T1,clean,Hindi,qwen2.5_7b,5.5
T1-19,T1,clean,Arabic,qwen2.5_7b,1.7
T1-19,T1,clean,Tamil,qwen2.5_7b,8.5
T1-19,T1,clean,Yoruba,qwen2.5_7b,3.8
T1-19,T1,clean,English,mistral_7b_v0.1,1.0
T1-19,T1,clean,Bengali,mistral_7b_v0.1,6.4
T1-19,T1,clean,Hindi,mistral_7b_v0.1,6.3
T1-19,T1,clean,Arabic,mistral_7b_v0.1,4.0
T1-19,T1,clean,Tamil,mistral_7b_v0.1,8.3
T1-19,T1,clean,Yoruba,mistral_7b_v0.1,4.2
T1-20,T1,clean,English,tiktoken_o200k,1.0
T1-20,T1,clean,Bengali,tiktoken_o200k,1.8181818181818181
T1-20,T1,clean,Hindi,tiktoken_o200k,1.2727272727272727
T1-20,T1,clean,Arabic,tiktoken_o200k,1.3636363636363635
T1-20,T1,clean,Tamil,tiktoken_o200k,2.272727272727273
T1-20,T1,clean,Yoruba,tiktoken_o200k,2.1818181818181817
T1-20,T1,clean,English,qwen2.5_7b,1.0
T1-20,T1,clean,Bengali,qwen2.5_7b,4.909090909090909
T1-20,T1,clean,Hindi,qwen2.5_7b,4.636363636363637
T1-20,T1,clean,Arabic,qwen2.5_7b,1.6363636363636365
T1-20,T1,clean,Tamil,qwen2.5_7b,6.0
T1-20,T1,clean,Yoruba,qwen2.5_7b,2.8181818181818183
T1-20,T1,clean,English,mistral_7b_v0.1,1.0
T1-20,T1,clean,Bengali,mistral_7b_v0.1,4.75
T1-20,T1,clean,Hindi,mistral_7b_v0.1,4.666666666666667
T1-20,T1,clean,Arabic,mistral_7b_v0.1,3.5833333333333335
T1-20,T1,clean,Tamil,mistral_7b_v0.1,5.5
T1-20,T1,clean,Yoruba,mistral_7b_v0.1,2.5
T2-01,T2,clean,English,tiktoken_o200k,1.0
T2-01,T2,clean,Bengali,tiktoken_o200k,1.5
T2-01,T2,clean,Hindi,tiktoken_o200k,1.4655172413793103
T2-01,T2,clean,Arabic,tiktoken_o200k,1.3620689655172413
T2-01,T2,clean,Tamil,tiktoken_o200k,1.8275862068965518
T2-01,T2,clean,Yoruba,tiktoken_o200k,2.310344827586207
T2-01,T2,clean,English,qwen2.5_7b,1.0
T2-01,T2,clean,Bengali,qwen2.5_7b,4.517241379310345
T2-01,T2,clean,Hindi,qwen2.5_7b,4.206896551724138
T2-01,T2,clean,Arabic,qwen2.5_7b,1.6379310344827587
T2-01,T2,clean,Tamil,qwen2.5_7b,5.724137931034483
T2-01,T2,clean,Yoruba,qwen2.5_7b,2.8793103448275863
T2-01,T2,clean,English,mistral_7b_v0.1,1.0
T2-01,T2,clean,Bengali,mistral_7b_v0.1,4.586206896551724
T2-01,T2,clean,Hindi,mistral_7b_v0.1,4.775862068965517
T2-01,T2,clean,Arabic,mistral_7b_v0.1,3.5517241379310347
T2-01,T2,clean,Tamil,mistral_7b_v0.1,6.068965517241379
T2-01,T2,clean,Yoruba,mistral_7b_v0.1,3.1206896551724137
T2-02,T2,clean,English,tiktoken_o200k,1.0
T2-02,T2,clean,Bengali,tiktoken_o200k,1.7924528301886793
T2-02,T2,clean,Hindi,tiktoken_o200k,1.679245283018868
T2-02,T2,clean,Arabic,tiktoken_o200k,1.490566037735849
T2-02,T2,clean,Tamil,tiktoken_o200k,2.207547169811321
T2-02,T2,clean,Yoruba,tiktoken_o200k,1.9622641509433962
T2-02,T2,clean,English,qwen2.5_7b,1.0
T2-02,T2,clean,Bengali,qwen2.5_7b,5.814814814814815
T2-02,T2,clean,Hindi,qwen2.5_7b,5.018518518518518
T2-02,T2,clean,Arabic,qwen2.5_7b,1.6111111111111112
T2-02,T2,clean,Tamil,qwen2.5_7b,7.537037037037037
T2-02,T2,clean,Yoruba,qwen2.5_7b,2.5925925925925926
T2-02,T2,clean,English,mistral_7b_v0.1,1.0
T2-02,T2,clean,Bengali,mistral_7b_v0.1,5.689655172413793
T2-02,T2,clean,Hindi,mistral_7b_v0.1,5.258620689655173
T2-02,T2,clean,Arabic,mistral_7b_v0.1,3.8275862068965516
T2-02,T2,clean,Tamil,mistral_7b_v0.1,7.5344827586206895
T2-02,T2,clean,Yoruba,mistral_7b_v0.1,2.7241379310344827
T2-03,T2,clean,English,tiktoken_o200k,1.0
T2-03,T2,clean,Bengali,tiktoken_o200k,1.8571428571428572
T2-03,T2,clean,Hindi,tiktoken_o200k,1.2678571428571428
T2-03,T2,clean,Arabic,tiktoken_o200k,1.2321428571428572
T2-03,T2,clean,Tamil,tiktoken_o200k,1.6428571428571428
T2-03,T2,clean,Yoruba,tiktoken_o200k,1.8928571428571428
T2-03,T2,clean,English,qwen2.5_7b,1.0
T2-03,T2,clean,Bengali,qwen2.5_7b,5.4
T2-03,T2,clean,Hindi,qwen2.5_7b,3.890909090909091
T2-03,T2,clean,Arabic,qwen2.5_7b,1.5454545454545454
T2-03,T2,clean,Tamil,qwen2.5_7b,5.963636363636364
T2-03,T2,clean,Yoruba,qwen2.5_7b,2.581818181818182
T2-03,T2,clean,English,mistral_7b_v0.1,1.0
T2-03,T2,clean,Bengali,mistral_7b_v0.1,5.5964912280701755
T2-03,T2,clean,Hindi,mistral_7b_v0.1,4.245614035087719
T2-03,T2,clean,Arabic,mistral_7b_v0.1,3.754385964912281
T2-03,T2,clean,Tamil,mistral_7b_v0.1,5.947368421052632
T2-03,T2,clean,Yoruba,mistral_7b_v0.1,2.6666666666666665
T2-04,T2,clean,English,tiktoken_o200k,1.0
T2-04,T2,clean,Bengali,tiktoken_o200k,1.7647058823529411
T2-04,T2,clean,Hindi,tiktoken_o200k,1.7450980392156863
T2-04,T2,clean,Arabic,tiktoken_o200k,1.1176470588235294
T2-04,T2,clean,Tamil,tiktoken_o200k,1.9607843137254901
T2-04,T2,clean,Yoruba,tiktoken_o200k,2.2941176470588234
T2-04,T2,clean,English,qwen2.5_7b,1.0
T2-04,T2,clean,Bengali,qwen2.5_7b,5.36
T2-04,T2,clean,Hindi,qwen2.5_7b,5.72
T2-04,T2,clean,Arabic,qwen2.5_7b,1.44
T2-04,T2,clean,Tamil,qwen2.5_7b,6.96
T2-04,T2,clean,Yoruba,qwen2.5_7b,3.36
T2-04,T2,clean,English,mistral_7b_v0.1,1.0
T2-04,T2,clean,Bengali,mistral_7b_v0.1,5.096153846153846
T2-04,T2,clean,Hindi,mistral_7b_v0.1,6.326923076923077
T2-04,T2,clean,Arabic,mistral_7b_v0.1,3.7115384615384617
T2-04,T2,clean,Tamil,mistral_7b_v0.1,6.615384615384615
T2-04,T2,clean,Yoruba,mistral_7b_v0.1,3.673076923076923
T2-05,T2,clean,English,tiktoken_o200k,1.0
T2-05,T2,clean,Bengali,tiktoken_o200k,1.803921568627451
T2-05,T2,clean,Hindi,tiktoken_o200k,1.7647058823529411
T2-05,T2,clean,Arabic,tiktoken_o200k,1.1568627450980393
T2-05,T2,clean,Tamil,tiktoken_o200k,1.8823529411764706
T2-05,T2,clean,Yoruba,tiktoken_o200k,2.411764705882353
T2-05,T2,clean,English,qwen2.5_7b,1.0
T2-05,T2,clean,Bengali,qwen2.5_7b,5.666666666666667
T2-05,T2,clean,Hindi,qwen2.5_7b,5.196078431372549
T2-05,T2,clean,Arabic,qwen2.5_7b,1.2745098039215685
T2-05,T2,clean,Tamil,qwen2.5_7b,6.568627450980392
T2-05,T2,clean,Yoruba,qwen2.5_7b,3.1176470588235294
T2-05,T2,clean,English,mistral_7b_v0.1,1.0
T2-05,T2,clean,Bengali,mistral_7b_v0.1,5.764705882352941
T2-05,T2,clean,Hindi,mistral_7b_v0.1,5.8431372549019605
T2-05,T2,clean,Arabic,mistral_7b_v0.1,3.549019607843137
T2-05,T2,clean,Tamil,mistral_7b_v0.1,6.823529411764706
T2-05,T2,clean,Yoruba,mistral_7b_v0.1,3.156862745098039
T2-06,T2,clean,English,tiktoken_o200k,1.0
T2-06,T2,clean,Bengali,tiktoken_o200k,1.7846153846153847
T2-06,T2,clean,Hindi,tiktoken_o200k,1.7230769230769232
T2-06,T2,clean,Arabic,tiktoken_o200k,1.2615384615384615
T2-06,T2,clean,Tamil,tiktoken_o200k,1.8307692307692307
T2-06,T2,clean,Yoruba,tiktoken_o200k,1.3076923076923077
T2-06,T2,clean,English,qwen2.5_7b,1.0
T2-06,T2,clean,Bengali,qwen2.5_7b,5.538461538461538
T2-06,T2,clean,Hindi,qwen2.5_7b,5.0
T2-06,T2,clean,Arabic,qwen2.5_7b,1.2769230769230768
T2-06,T2,clean,Tamil,qwen2.5_7b,6.446153846153846
T2-06,T2,clean,Yoruba,qwen2.5_7b,1.9384615384615385
T2-06,T2,clean,English,mistral_7b_v0.1,1.0
T2-06,T2,clean,Bengali,mistral_7b_v0.1,5.696969696969697
T2-06,T2,clean,Hindi,mistral_7b_v0.1,5.363636363636363
T2-06,T2,clean,Arabic,mistral_7b_v0.1,3.606060606060606
T2-06,T2,clean,Tamil,mistral_7b_v0.1,6.742424242424242
T2-06,T2,clean,Yoruba,mistral_7b_v0.1,2.090909090909091
T2-07,T2,clean,English,tiktoken_o200k,1.0
T2-07,T2,clean,Bengali,tiktoken_o200k,1.6229508196721312
T2-07,T2,clean,Hindi,tiktoken_o200k,1.5081967213114753
T2-07,T2,clean,Arabic,tiktoken_o200k,1.1967213114754098
T2-07,T2,clean,Tamil,tiktoken_o200k,1.8852459016393444
T2-07,T2,clean,Yoruba,tiktoken_o200k,2.3442622950819674
T2-07,T2,clean,English,qwen2.5_7b,1.0
T2-07,T2,clean,Bengali,qwen2.5_7b,5.283333333333333
T2-07,T2,clean,Hindi,qwen2.5_7b,4.9
T2-07,T2,clean,Arabic,qwen2.5_7b,1.55
T2-07,T2,clean,Tamil,qwen2.5_7b,6.4
T2-07,T2,clean,Yoruba,qwen2.5_7b,3.1
T2-07,T2,clean,English,mistral_7b_v0.1,1.0
T2-07,T2,clean,Bengali,mistral_7b_v0.1,5.475409836065574
T2-07,T2,clean,Hindi,mistral_7b_v0.1,5.409836065573771
T2-07,T2,clean,Arabic,mistral_7b_v0.1,3.6885245901639343
T2-07,T2,clean,Tamil,mistral_7b_v0.1,6.524590163934426
T2-07,T2,clean,Yoruba,mistral_7b_v0.1,3.4098360655737703
T2-08,T2,clean,English,tiktoken_o200k,1.0
T2-08,T2,clean,Bengali,tiktoken_o200k,1.8653846153846154
T2-08,T2,clean,Hindi,tiktoken_o200k,1.7115384615384615
T2-08,T2,clean,Arabic,tiktoken_o200k,1.1923076923076923
T2-08,T2,clean,Tamil,tiktoken_o200k,2.173076923076923
T2-08,T2,clean,Yoruba,tiktoken_o200k,2.8846153846153846
T2-08,T2,clean,English,qwen2.5_7b,1.0
T2-08,T2,clean,Bengali,qwen2.5_7b,5.803921568627451
T2-08,T2,clean,Hindi,qwen2.5_7b,5.431372549019608
T2-08,T2,clean,Arabic,qwen2.5_7b,1.411764705882353
T2-08,T2,clean,Tamil,qwen2.5_7b,6.764705882352941
T2-08,T2,clean,Yoruba,qwen2.5_7b,3.7450980392156863
T2-08,T2,clean,English,mistral_7b_v0.1,1.0
T2-08,T2,clean,Bengali,mistral_7b_v0.1,6.0576923076923075
T2-08,T2,clean,Hindi,mistral_7b_v0.1,5.980769230769231
T2-08,T2,clean,Arabic,mistral_7b_v0.1,3.576923076923077
T2-08,T2,clean,Tamil,mistral_7b_v0.1,7.0
T2-08,T2,clean,Yoruba,mistral_7b_v0.1,3.923076923076923
T2-09,T2,clean,English,tiktoken_o200k,1.0
T2-09,T2,clean,Bengali,tiktoken_o200k,1.6071428571428572
T2-09,T2,clean,Hindi,tiktoken_o200k,1.7678571428571428
T2-09,T2,clean,Arabic,tiktoken_o200k,1.3214285714285714
T2-09,T2,clean,Tamil,tiktoken_o200k,2.0714285714285716
T2-09,T2,clean,Yoruba,tiktoken_o200k,2.5714285714285716
T2-09,T2,clean,English,qwen2.5_7b,1.0
T2-09,T2,clean,Bengali,qwen2.5_7b,4.87719298245614
T2-09,T2,clean,Hindi,qwen2.5_7b,4.771929824561403
T2-09,T2,clean,Arabic,qwen2.5_7b,1.7017543859649122
T2-09,T2,clean,Tamil,qwen2.5_7b,6.315789473684211
T2-09,T2,clean,Yoruba,qwen2.5_7b,3.3157894736842106
T2-09,T2,clean,English,mistral_7b_v0.1,1.0
T2-09,T2,clean,Bengali,mistral_7b_v0.1,4.85
T2-09,T2,clean,Hindi,mistral_7b_v0.1,4.916666666666667
T2-09,T2,clean,Arabic,mistral_7b_v0.1,3.7
T2-09,T2,clean,Tamil,mistral_7b_v0.1,6.45
T2-09,T2,clean,Yoruba,mistral_7b_v0.1,3.4833333333333334
T2-10,T2,clean,English,tiktoken_o200k,1.0
T2-10,T2,clean,Bengali,tiktoken_o200k,1.7636363636363637
T2-10,T2,clean,Hindi,tiktoken_o200k,1.8
T2-10,T2,clean,Arabic,tiktoken_o200k,1.3818181818181818
T2-10,T2,clean,Tamil,tiktoken_o200k,2.0727272727272728
T2-10,T2,clean,Yoruba,tiktoken_o200k,2.7818181818181817
T2-10,T2,clean,English,qwen2.5_7b,1.0
T2-10,T2,clean,Bengali,qwen2.5_7b,5.345454545454546
T2-10,T2,clean,Hindi,qwen2.5_7b,4.890909090909091
T2-10,T2,clean,Arabic,qwen2.5_7b,1.6181818181818182
T2-10,T2,clean,Tamil,qwen2.5_7b,6.472727272727273
T2-10,T2,clean,Yoruba,qwen2.5_7b,3.690909090909091
T2-10,T2,clean,English,mistral_7b_v0.1,1.0
T2-10,T2,clean,Bengali,mistral_7b_v0.1,4.918032786885246
T2-10,T2,clean,Hindi,mistral_7b_v0.1,5.098360655737705
T2-10,T2,clean,Arabic,mistral_7b_v0.1,3.639344262295082
T2-10,T2,clean,Tamil,mistral_7b_v0.1,6.065573770491803
T2-10,T2,clean,Yoruba,mistral_7b_v0.1,3.737704918032787
T2-11,T2,clean,English,tiktoken_o200k,1.0
T2-11,T2,clean,Bengali,tiktoken_o200k,1.5666666666666667
T2-11,T2,clean,Hindi,tiktoken_o200k,1.45
T2-11,T2,clean,Arabic,tiktoken_o200k,1.3166666666666667
T2-11,T2,clean,Tamil,tiktoken_o200k,1.7
T2-11,T2,clean,Yoruba,tiktoken_o200k,2.2
T2-11,T2,clean,English,qwen2.5_7b,1.0
T2-11,T2,clean,Bengali,qwen2.5_7b,4.728813559322034
T2-11,T2,clean,Hindi,qwen2.5_7b,4.762711864406779
T2-11,T2,clean,Arabic,qwen2.5_7b,1.6271186440677967
T2-11,T2,clean,Tamil,qwen2.5_7b,6.203389830508475
T2-11,T2,clean,Yoruba,qwen2.5_7b,2.9491525423728815
T2-11,T2,clean,English,mistral_7b_v0.1,1.0
T2-11,T2,clean,Bengali,mistral_7b_v0.1,5.1
T2-11,T2,clean,Hindi,mistral_7b_v0.1,5.15
T2-11,T2,clean,Arabic,mistral_7b_v0.1,3.6333333333333333
T2-11,T2,clean,Tamil,mistral_7b_v0.1,6.383333333333334
T2-11,T2,clean,Yoruba,mistral_7b_v0.1,3.35
T2-12,T2,clean,English,tiktoken_o200k,1.0
T2-12,T2,clean,Bengali,tiktoken_o200k,2.0925925925925926
T2-12,T2,clean,Hindi,tiktoken_o200k,1.7222222222222223
T2-12,T2,clean,Arabic,tiktoken_o200k,1.5
T2-12,T2,clean,Tamil,tiktoken_o200k,1.9259259259259258
T2-12,T2,clean,Yoruba,tiktoken_o200k,2.814814814814815
T2-12,T2,clean,English,qwen2.5_7b,1.0
T2-12,T2,clean,Bengali,qwen2.5_7b,6.660377358490566
T2-12,T2,clean,Hindi,qwen2.5_7b,5.2075471698113205
T2-12,T2,clean,Arabic,qwen2.5_7b,1.9433962264150944
T2-12,T2,clean,Tamil,qwen2.5_7b,6.830188679245283
T2-12,T2,clean,Yoruba,qwen2.5_7b,3.641509433962264
T2-12,T2,clean,English,mistral_7b_v0.1,1.0
T2-12,T2,clean,Bengali,mistral_7b_v0.1,6.684210526315789
T2-12,T2,clean,Hindi,mistral_7b_v0.1,5.43859649122807
T2-12,T2,clean,Arabic,mistral_7b_v0.1,4.350877192982456
T2-12,T2,clean,Tamil,mistral_7b_v0.1,6.649122807017544
T2-12,T2,clean,Yoruba,mistral_7b_v0.1,3.807017543859649
T2-13,T2,clean,English,tiktoken_o200k,1.0
T2-13,T2,clean,Bengali,tiktoken_o200k,1.6363636363636365
T2-13,T2,clean,Hindi,tiktoken_o200k,1.8181818181818181
T2-13,T2,clean,Arabic,tiktoken_o200k,1.1818181818181819
T2-13,T2,clean,Tamil,tiktoken_o200k,2.1818181818181817
T2-13,T2,clean,Yoruba,tiktoken_o200k,2.5454545454545454
T2-13,T2,clean,English,qwen2.5_7b,1.0
T2-13,T2,clean,Bengali,qwen2.5_7b,5.12962962962963
T2-13,T2,clean,Hindi,qwen2.5_7b,5.055555555555555
T2-13,T2,clean,Arabic,qwen2.5_7b,1.3703703703703705
T2-13,T2,clean,Tamil,qwen2.5_7b,7.0
T2-13,T2,clean,Yoruba,qwen2.5_7b,3.314814814814815
T2-13,T2,clean,English,mistral_7b_v0.1,1.0
T2-13,T2,clean,Bengali,mistral_7b_v0.1,5.218181818181818
T2-13,T2,clean,Hindi,mistral_7b_v0.1,5.4363636363636365
T2-13,T2,clean,Arabic,mistral_7b_v0.1,3.4909090909090907
T2-13,T2,clean,Tamil,mistral_7b_v0.1,7.363636363636363
T2-13,T2,clean,Yoruba,mistral_7b_v0.1,3.581818181818182
T2-14,T2,clean,English,tiktoken_o200k,1.0
T2-14,T2,clean,Bengali,tiktoken_o200k,1.6538461538461537
T2-14,T2,clean,Hindi,tiktoken_o200k,1.6538461538461537
T2-14,T2,clean,Arabic,tiktoken_o200k,1.4038461538461537
T2-14,T2,clean,Tamil,tiktoken_o200k,1.8076923076923077
T2-14,T2,clean,Yoruba,tiktoken_o200k,2.4038461538461537
T2-14,T2,clean,English,qwen2.5_7b,1.0
T2-14,T2,clean,Bengali,qwen2.5_7b,4.901960784313726
T2-14,T2,clean,Hindi,qwen2.5_7b,4.450980392156863
T2-14,T2,clean,Arabic,qwen2.5_7b,1.5294117647058822
T2-14,T2,clean,Tamil,qwen2.5_7b,6.411764705882353
T2-14,T2,clean,Yoruba,qwen2.5_7b,3.196078431372549
T2-14,T2,clean,English,mistral_7b_v0.1,1.0
T2-14,T2,clean,Bengali,mistral_7b_v0.1,4.867924528301887
T2-14,T2,clean,Hindi,mistral_7b_v0.1,4.811320754716981
T2-14,T2,clean,Arabic,mistral_7b_v0.1,3.5660377358490565
T2-14,T2,clean,Tamil,mistral_7b_v0.1,6.60377358490566
T2-14,T2,clean,Yoruba,mistral_7b_v0.1,3.5283018867924527
T2-15,T2,clean,English,tiktoken_o200k,1.0
T2-15,T2,clean,Bengali,tiktoken_o200k,1.8928571428571428
T2-15,T2,clean,Hindi,tiktoken_o200k,1.6071428571428572
T2-15,T2,clean,Arabic,tiktoken_o200k,1.3035714285714286
T2-15,T2,clean,Tamil,tiktoken_o200k,2.0
T2-15,T2,clean,Yoruba,tiktoken_o200k,2.767857142857143
T2-15,T2,clean,English,qwen2.5_7b,1.0
T2-15,T2,clean,Bengali,qwen2.5_7b,5.75
T2-15,T2,clean,Hindi,qwen2.5_7b,4.946428571428571
T2-15,T2,clean,Arabic,qwen2.5_7b,1.5535714285714286
T2-15,T2,clean,Tamil,qwen2.5_7b,6.607142857142857
T2-15,T2,clean,Yoruba,qwen2.5_7b,3.857142857142857
T2-15,T2,clean,English,mistral_7b_v0.1,1.0
T2-15,T2,clean,Bengali,mistral_7b_v0.1,5.741379310344827
T2-15,T2,clean,Hindi,mistral_7b_v0.1,5.396551724137931
T2-15,T2,clean,Arabic,mistral_7b_v0.1,3.9310344827586206
T2-15,T2,clean,Tamil,mistral_7b_v0.1,6.5344827586206895
T2-15,T2,clean,Yoruba,mistral_7b_v0.1,4.103448275862069
T2-16,T2,clean,English,tiktoken_o200k,1.0
T2-16,T2,clean,Bengali,tiktoken_o200k,2.020408163265306
T2-16,T2,clean,Hindi,tiktoken_o200k,1.6734693877551021
T2-16,T2,clean,Arabic,tiktoken_o200k,1.3265306122448979
T2-16,T2,clean,Tamil,tiktoken_o200k,2.183673469387755
T2-16,T2,clean,Yoruba,tiktoken_o200k,3.061224489795918
T2-16,T2,clean,English,qwen2.5_7b,1.0
T2-16,T2,clean,Bengali,qwen2.5_7b,6.122448979591836
T2-16,T2,clean,Hindi,qwen2.5_7b,5.224489795918367
T2-16,T2,clean,Arabic,qwen2.5_7b,1.6122448979591837
T2-16,T2,clean,Tamil,qwen2.5_7b,7.408163265306122
T2-16,T2,clean,Yoruba,qwen2.5_7b,4.061224489795919
T2-16,T2,clean,English,mistral_7b_v0.1,1.0
T2-16,T2,clean,Bengali,mistral_7b_v0.1,6.32
T2-16,T2,clean,Hindi,mistral_7b_v0.1,5.84
T2-16,T2,clean,Arabic,mistral_7b_v0.1,3.58
T2-16,T2,clean,Tamil,mistral_7b_v0.1,7.5
T2-16,T2,clean,Yoruba,mistral_7b_v0.1,4.5
T2-17,T2,clean,English,tiktoken_o200k,1.0
T2-17,T2,clean,Bengali,tiktoken_o200k,1.7692307692307692
T2-17,T2,clean,Hindi,tiktoken_o200k,1.25
T2-17,T2,clean,Arabic,tiktoken_o200k,1.3269230769230769
T2-17,T2,clean,Tamil,tiktoken_o200k,2.1346153846153846
T2-17,T2,clean,Yoruba,tiktoken_o200k,2.6153846153846154
T2-17,T2,clean,English,qwen2.5_7b,1.0
T2-17,T2,clean,Bengali,qwen2.5_7b,5.230769230769231
T2-17,T2,clean,Hindi,qwen2.5_7b,3.769230769230769
T2-17,T2,clean,Arabic,qwen2.5_7b,1.5769230769230769
T2-17,T2,clean,Tamil,qwen2.5_7b,7.173076923076923
T2-17,T2,clean,Yoruba,qwen2.5_7b,3.4038461538461537
T2-17,T2,clean,English,mistral_7b_v0.1,1.0
T2-17,T2,clean,Bengali,mistral_7b_v0.1,5.055555555555555
T2-17,T2,clean,Hindi,mistral_7b_v0.1,4.018518518518518
T2-17,T2,clean,Arabic,mistral_7b_v0.1,3.6666666666666665
T2-17,T2,clean,Tamil,mistral_7b_v0.1,7.111111111111111
T2-17,T2,clean,Yoruba,mistral_7b_v0.1,3.4814814814814814
T2-18,T2,clean,English,tiktoken_o200k,1.0
T2-18,T2,clean,Bengali,tiktoken_o200k,1.7083333333333333
T2-18,T2,clean,Hindi,tiktoken_o200k,1.3958333333333333
T2-18,T2,clean,Arabic,tiktoken_o200k,1.2291666666666667
T2-18,T2,clean,Tamil,tiktoken_o200k,2.0208333333333335
T2-18,T2,clean,Yoruba,tiktoken_o200k,2.8333333333333335
T2-18,T2,clean,English,qwen2.5_7b,1.0
T2-18,T2,clean,Bengali,qwen2.5_7b,5.75
T2-18,T2,clean,Hindi,qwen2.5_7b,4.395833333333333
T2-18,T2,clean,Arabic,qwen2.5_7b,1.4375
T2-18,T2,clean,Tamil,qwen2.5_7b,6.583333333333333
T2-18,T2,clean,Yoruba,qwen2.5_7b,3.7708333333333335
T2-18,T2,clean,English,mistral_7b_v0.1,1.0
T2-18,T2,clean,Bengali,mistral_7b_v0.1,5.92
T2-18,T2,clean,Hindi,mistral_7b_v0.1,4.84
T2-18,T2,clean,Arabic,mistral_7b_v0.1,3.62
T2-18,T2,clean,Tamil,mistral_7b_v0.1,6.48
T2-18,T2,clean,Yoruba,mistral_7b_v0.1,3.96
T2-19,T2,clean,English,tiktoken_o200k,1.0
T2-19,T2,clean,Bengali,tiktoken_o200k,1.98
T2-19,T2,clean,Hindi,tiktoken_o200k,1.94
T2-19,T2,clean,Arabic,tiktoken_o200k,1.48
T2-19,T2,clean,Tamil,tiktoken_o200k,2.46
T2-19,T2,clean,Yoruba,tiktoken_o200k,2.76
T2-19,T2,clean,English,qwen2.5_7b,1.0
T2-19,T2,clean,Bengali,qwen2.5_7b,6.1
T2-19,T2,clean,Hindi,qwen2.5_7b,4.92
T2-19,T2,clean,Arabic,qwen2.5_7b,1.86
T2-19,T2,clean,Tamil,qwen2.5_7b,7.6
T2-19,T2,clean,Yoruba,qwen2.5_7b,3.84
T2-19,T2,clean,English,mistral_7b_v0.1,1.0
T2-19,T2,clean,Bengali,mistral_7b_v0.1,5.568965517241379
T2-19,T2,clean,Hindi,mistral_7b_v0.1,4.844827586206897
T2-19,T2,clean,Arabic,mistral_7b_v0.1,3.8448275862068964
T2-19,T2,clean,Tamil,mistral_7b_v0.1,6.827586206896552
T2-19,T2,clean,Yoruba,mistral_7b_v0.1,3.4827586206896552
T2-20,T2,clean,English,tiktoken_o200k,1.0
T2-20,T2,clean,Bengali,tiktoken_o200k,2.016949152542373
T2-20,T2,clean,Hindi,tiktoken_o200k,1.6610169491525424
T2-20,T2,clean,Arabic,tiktoken_o200k,1.6101694915254237
T2-20,T2,clean,Tamil,tiktoken_o200k,2.3728813559322033
T2-20,T2,clean,Yoruba,tiktoken_o200k,2.4237288135593222
T2-20,T2,clean,English,qwen2.5_7b,1.0
T2-20,T2,clean,Bengali,qwen2.5_7b,6.033333333333333
T2-20,T2,clean,Hindi,qwen2.5_7b,5.333333333333333
T2-20,T2,clean,Arabic,qwen2.5_7b,1.7666666666666666
T2-20,T2,clean,Tamil,qwen2.5_7b,7.133333333333334
T2-20,T2,clean,Yoruba,qwen2.5_7b,3.2333333333333334
T2-20,T2,clean,English,mistral_7b_v0.1,1.0
T2-20,T2,clean,Bengali,mistral_7b_v0.1,6.142857142857143
T2-20,T2,clean,Hindi,mistral_7b_v0.1,5.650793650793651
T2-20,T2,clean,Arabic,mistral_7b_v0.1,4.365079365079365
T2-20,T2,clean,Tamil,mistral_7b_v0.1,7.396825396825397
T2-20,T2,clean,Yoruba,mistral_7b_v0.1,3.492063492063492
T2-21,T2,clean,English,tiktoken_o200k,1.0
T2-21,T2,clean,Bengali,tiktoken_o200k,1.8571428571428572
T2-21,T2,clean,Hindi,tiktoken_o200k,1.7714285714285714
T2-21,T2,clean,Arabic,tiktoken_o200k,1.2714285714285714
T2-21,T2,clean,Tamil,tiktoken_o200k,1.9285714285714286
T2-21,T2,clean,Yoruba,tiktoken_o200k,2.5285714285714285
T2-21,T2,clean,English,qwen2.5_7b,1.0
T2-21,T2,clean,Bengali,qwen2.5_7b,5.742857142857143
T2-21,T2,clean,Hindi,qwen2.5_7b,5.257142857142857
T2-21,T2,clean,Arabic,qwen2.5_7b,1.4428571428571428
T2-21,T2,clean,Tamil,qwen2.5_7b,6.485714285714286
T2-21,T2,clean,Yoruba,qwen2.5_7b,3.1857142857142855
T2-21,T2,clean,English,mistral_7b_v0.1,1.0
T2-21,T2,clean,Bengali,mistral_7b_v0.1,5.914285714285715
T2-21,T2,clean,Hindi,mistral_7b_v0.1,5.714285714285714
T2-21,T2,clean,Arabic,mistral_7b_v0.1,3.7
T2-21,T2,clean,Tamil,mistral_7b_v0.1,6.857142857142857
T2-21,T2,clean,Yoruba,mistral_7b_v0.1,3.842857142857143
T2-22,T2,clean,English,tiktoken_o200k,1.0
T2-22,T2,clean,Bengali,tiktoken_o200k,1.6923076923076923
T2-22,T2,clean,Hindi,tiktoken_o200k,1.5
T2-22,T2,clean,Arabic,tiktoken_o200k,1.2307692307692308
T2-22,T2,clean,Tamil,tiktoken_o200k,2.0384615384615383
T2-22,T2,clean,Yoruba,tiktoken_o200k,1.3653846153846154
T2-22,T2,clean,English,qwen2.5_7b,1.0
T2-22,T2,clean,Bengali,qwen2.5_7b,4.803921568627451
T2-22,T2,clean,Hindi,qwen2.5_7b,4.019607843137255
T2-22,T2,clean,Arabic,qwen2.5_7b,1.4705882352941178
T2-22,T2,clean,Tamil,qwen2.5_7b,5.921568627450981
T2-22,T2,clean,Yoruba,qwen2.5_7b,1.9803921568627452
T2-22,T2,clean,English,mistral_7b_v0.1,1.0
T2-22,T2,clean,Bengali,mistral_7b_v0.1,4.62962962962963
T2-22,T2,clean,Hindi,mistral_7b_v0.1,4.166666666666667
T2-22,T2,clean,Arabic,mistral_7b_v0.1,3.4444444444444446
T2-22,T2,clean,Tamil,mistral_7b_v0.1,5.833333333333333
T2-22,T2,clean,Yoruba,mistral_7b_v0.1,2.0185185185185186
T2-23,T2,clean,English,tiktoken_o200k,1.0
T2-23,T2,clean,Bengali,tiktoken_o200k,1.912280701754386
T2-23,T2,clean,Hindi,tiktoken_o200k,1.736842105263158
T2-23,T2,clean,Arabic,tiktoken_o200k,1.2456140350877194
T2-23,T2,clean,Tamil,tiktoken_o200k,2.210526315789474
T2-23,T2,clean,Yoruba,tiktoken_o200k,2.6140350877192984
T2-23,T2,clean,English,qwen2.5_7b,1.0
T2-23,T2,clean,Bengali,qwen2.5_7b,6.25
T2-23,T2,clean,Hindi,qwen2.5_7b,5.017857142857143
T2-23,T2,clean,Arabic,qwen2.5_7b,1.5178571428571428
T2-23,T2,clean,Tamil,qwen2.5_7b,7.517857142857143
T2-23,T2,clean,Yoruba,qwen2.5_7b,3.732142857142857
T2-23,T2,clean,English,mistral_7b_v0.1,1.0
T2-23,T2,clean,Bengali,mistral_7b_v0.1,6.421052631578948
T2-23,T2,clean,Hindi,mistral_7b_v0.1,5.473684210526316
T2-23,T2,clean,Arabic,mistral_7b_v0.1,3.3684210526315788
T2-23,T2,clean,Tamil,mistral_7b_v0.1,7.912280701754386
T2-23,T2,clean,Yoruba,mistral_7b_v0.1,4.175438596491228
T2-24,T2,clean,English,tiktoken_o200k,1.0
T2-24,T2,clean,Bengali,tiktoken_o200k,1.8125
T2-24,T2,clean,Hindi,tiktoken_o200k,1.671875
T2-24,T2,clean,Arabic,tiktoken_o200k,1.125
T2-24,T2,clean,Tamil,tiktoken_o200k,1.703125
T2-24,T2,clean,Yoruba,tiktoken_o200k,2.21875
T2-24,T2,clean,English,qwen2.5_7b,1.0
T2-24,T2,clean,Bengali,qwen2.5_7b,6.26984126984127
T2-24,T2,clean,Hindi,qwen2.5_7b,5.396825396825397
T2-24,T2,clean,Arabic,qwen2.5_7b,1.2857142857142858
T2-24,T2,clean,Tamil,qwen2.5_7b,5.650793650793651
T2-24,T2,clean,Yoruba,qwen2.5_7b,2.888888888888889
T2-24,T2,clean,English,mistral_7b_v0.1,1.0
T2-24,T2,clean,Bengali,mistral_7b_v0.1,6.453125
T2-24,T2,clean,Hindi,mistral_7b_v0.1,6.046875
T2-24,T2,clean,Arabic,mistral_7b_v0.1,3.578125
T2-24,T2,clean,Tamil,mistral_7b_v0.1,5.6875
T2-24,T2,clean,Yoruba,mistral_7b_v0.1,3.140625
T2-25,T2,clean,English,tiktoken_o200k,1.0
T2-25,T2,clean,Bengali,tiktoken_o200k,1.9433962264150944
T2-25,T2,clean,Hindi,tiktoken_o200k,1.849056603773585
T2-25,T2,clean,Arabic,tiktoken_o200k,1.471698113207547
T2-25,T2,clean,Tamil,tiktoken_o200k,2.150943396226415
T2-25,T2,clean,Yoruba,tiktoken_o200k,2.849056603773585
T2-25,T2,clean,English,qwen2.5_7b,1.0
T2-25,T2,clean,Bengali,qwen2.5_7b,4.867924528301887
T2-25,T2,clean,Hindi,qwen2.5_7b,4.754716981132075
T2-25,T2,clean,Arabic,qwen2.5_7b,1.6037735849056605
T2-25,T2,clean,Tamil,qwen2.5_7b,6.830188679245283
T2-25,T2,clean,Yoruba,qwen2.5_7b,3.792452830188679
T2-25,T2,clean,English,mistral_7b_v0.1,1.0
T2-25,T2,clean,Bengali,mistral_7b_v0.1,4.879310344827586
T2-25,T2,clean,Hindi,mistral_7b_v0.1,4.879310344827586
T2-25,T2,clean,Arabic,mistral_7b_v0.1,3.810344827586207
T2-25,T2,clean,Tamil,mistral_7b_v0.1,6.517241379310345
T2-25,T2,clean,Yoruba,mistral_7b_v0.1,3.8620689655172415
T2-26,T2,clean,English,tiktoken_o200k,1.0
T2-26,T2,clean,Bengali,tiktoken_o200k,1.7301587301587302
T2-26,T2,clean,Hindi,tiktoken_o200k,1.5555555555555556
T2-26,T2,clean,Arabic,tiktoken_o200k,1.1111111111111112
T2-26,T2,clean,Tamil,tiktoken_o200k,2.126984126984127
T2-26,T2,clean,Yoruba,tiktoken_o200k,2.2698412698412698
T2-26,T2,clean,English,qwen2.5_7b,1.0
T2-26,T2,clean,Bengali,qwen2.5_7b,5.590163934426229
T2-26,T2,clean,Hindi,qwen2.5_7b,4.770491803278689
T2-26,T2,clean,Arabic,qwen2.5_7b,1.4098360655737705
T2-26,T2,clean,Tamil,qwen2.5_7b,6.60655737704918
T2-26,T2,clean,Yoruba,qwen2.5_7b,2.9836065573770494
T2-26,T2,clean,English,mistral_7b_v0.1,1.0
T2-26,T2,clean,Bengali,mistral_7b_v0.1,5.625
T2-26,T2,clean,Hindi,mistral_7b_v0.1,5.0625
T2-26,T2,clean,Arabic,mistral_7b_v0.1,3.390625
T2-26,T2,clean,Tamil,mistral_7b_v0.1,6.46875
T2-26,T2,clean,Yoruba,mistral_7b_v0.1,3.078125
T2-27,T2,clean,English,tiktoken_o200k,1.0
T2-27,T2,clean,Bengali,tiktoken_o200k,1.9482758620689655
T2-27,T2,clean,Hindi,tiktoken_o200k,1.7586206896551724
T2-27,T2,clean,Arabic,tiktoken_o200k,1.2413793103448276
T2-27,T2,clean,Tamil,tiktoken_o200k,2.189655172413793
T2-27,T2,clean,Yoruba,tiktoken_o200k,2.396551724137931
T2-27,T2,clean,English,qwen2.5_7b,1.0
T2-27,T2,clean,Bengali,qwen2.5_7b,5.614035087719298
T2-27,T2,clean,Hindi,qwen2.5_7b,4.9298245614035086
T2-27,T2,clean,Arabic,qwen2.5_7b,1.4912280701754386
T2-27,T2,clean,Tamil,qwen2.5_7b,6.666666666666667
T2-27,T2,clean,Yoruba,qwen2.5_7b,3.2982456140350878
T2-27,T2,clean,English,mistral_7b_v0.1,1.0
T2-27,T2,clean,Bengali,mistral_7b_v0.1,5.354838709677419
T2-27,T2,clean,Hindi,mistral_7b_v0.1,5.032258064516129
T2-27,T2,clean,Arabic,mistral_7b_v0.1,3.7580645161290325
T2-27,T2,clean,Tamil,mistral_7b_v0.1,6.596774193548387
T2-27,T2,clean,Yoruba,mistral_7b_v0.1,3.3225806451612905
T2-28,T2,clean,English,tiktoken_o200k,1.0
T2-28,T2,clean,Bengali,tiktoken_o200k,2.056603773584906
T2-28,T2,clean,Hindi,tiktoken_o200k,1.6603773584905661
T2-28,T2,clean,Arabic,tiktoken_o200k,1.3018867924528301
T2-28,T2,clean,Tamil,tiktoken_o200k,2.5849056603773586
T2-28,T2,clean,Yoruba,tiktoken_o200k,3.4716981132075473
T2-28,T2,clean,English,qwen2.5_7b,1.0
T2-28,T2,clean,Bengali,qwen2.5_7b,6.415094339622642
T2-28,T2,clean,Hindi,qwen2.5_7b,5.283018867924528
T2-28,T2,clean,Arabic,qwen2.5_7b,1.6603773584905661
T2-28,T2,clean,Tamil,qwen2.5_7b,8.377358490566039
T2-28,T2,clean,Yoruba,qwen2.5_7b,4.60377358490566
T2-28,T2,clean,English,mistral_7b_v0.1,1.0
T2-28,T2,clean,Bengali,mistral_7b_v0.1,6.811320754716981
T2-28,T2,clean,Hindi,mistral_7b_v0.1,5.943396226415095
T2-28,T2,clean,Arabic,mistral_7b_v0.1,3.9056603773584904
T2-28,T2,clean,Tamil,mistral_7b_v0.1,8.452830188679245
T2-28,T2,clean,Yoruba,mistral_7b_v0.1,5.09433962264151
T2-29,T2,clean,English,tiktoken_o200k,1.0
T2-29,T2,clean,Bengali,tiktoken_o200k,1.9056603773584906
T2-29,T2,clean,Hindi,tiktoken_o200k,1.6037735849056605
T2-29,T2,clean,Arabic,tiktoken_o200k,1.150943396226415
T2-29,T2,clean,Tamil,tiktoken_o200k,2.30188679245283
T2-29,T2,clean,Yoruba,tiktoken_o200k,2.547169811320755
T2-29,T2,clean,English,qwen2.5_7b,1.0
T2-29,T2,clean,Bengali,qwen2.5_7b,6.0754716981132075
T2-29,T2,clean,Hindi,qwen2.5_7b,5.169811320754717
T2-29,T2,clean,Arabic,qwen2.5_7b,1.3396226415094339
T2-29,T2,clean,Tamil,qwen2.5_7b,7.150943396226415
T2-29,T2,clean,Yoruba,qwen2.5_7b,3.3962264150943398
T2-29,T2,clean,English,mistral_7b_v0.1,1.0
T2-29,T2,clean,Bengali,mistral_7b_v0.1,6.2592592592592595
T2-29,T2,clean,Hindi,mistral_7b_v0.1,5.7592592592592595
T2-29,T2,clean,Arabic,mistral_7b_v0.1,3.240740740740741
T2-29,T2,clean,Tamil,mistral_7b_v0.1,7.203703703703703
T2-29,T2,clean,Yoruba,mistral_7b_v0.1,3.7962962962962963
T2-30,T2,clean,English,tiktoken_o200k,1.0
T2-30,T2,clean,Bengali,tiktoken_o200k,1.6481481481481481
T2-30,T2,clean,Hindi,tiktoken_o200k,1.7962962962962963
T2-30,T2,clean,Arabic,tiktoken_o200k,1.2777777777777777
T2-30,T2,clean,Tamil,tiktoken_o200k,1.9259259259259258
T2-30,T2,clean,Yoruba,tiktoken_o200k,2.462962962962963
T2-30,T2,clean,English,qwen2.5_7b,1.0
T2-30,T2,clean,Bengali,qwen2.5_7b,5.037037037037037
T2-30,T2,clean,Hindi,qwen2.5_7b,5.111111111111111
T2-30,T2,clean,Arabic,qwen2.5_7b,1.3703703703703705
T2-30,T2,clean,Tamil,qwen2.5_7b,6.981481481481482
T2-30,T2,clean,Yoruba,qwen2.5_7b,3.3518518518518516
T2-30,T2,clean,English,mistral_7b_v0.1,1.0
T2-30,T2,clean,Bengali,mistral_7b_v0.1,5.345454545454546
T2-30,T2,clean,Hindi,mistral_7b_v0.1,5.745454545454545
T2-30,T2,clean,Arabic,mistral_7b_v0.1,3.4909090909090907
T2-30,T2,clean,Tamil,mistral_7b_v0.1,6.927272727272728
T2-30,T2,clean,Yoruba,mistral_7b_v0.1,3.6545454545454548
T3-01,T3,clean,English,tiktoken_o200k,1.0
T3-01,T3,clean,Bengali,tiktoken_o200k,1.830188679245283
T3-01,T3,clean,Hindi,tiktoken_o200k,1.6226415094339623
T3-01,T3,clean,Arabic,tiktoken_o200k,1.330188679245283
T3-01,T3,clean,Tamil,tiktoken_o200k,1.6981132075471699
T3-01,T3,clean,Yoruba,tiktoken_o200k,2.0660377358490565
T3-01,T3,clean,English,qwen2.5_7b,1.0
T3-01,T3,clean,Bengali,qwen2.5_7b,5.537735849056604
T3-01,T3,clean,Hindi,qwen2.5_7b,4.471698113207547
T3-01,T3,clean,Arabic,qwen2.5_7b,1.528301886792453
T3-01,T3,clean,Tamil,qwen2.5_7b,5.89622641509434
T3-01,T3,clean,Yoruba,qwen2.5_7b,2.839622641509434
T3-01,T3,clean,English,mistral_7b_v0.1,1.0
T3-01,T3,clean,Bengali,mistral_7b_v0.1,5.2407407407407405
T3-01,T3,clean,Hindi,mistral_7b_v0.1,4.953703703703703
T3-01,T3,clean,Arabic,mistral_7b_v0.1,3.6666666666666665
T3-01,T3,clean,Tamil,mistral_7b_v0.1,6.027777777777778
T3-01,T3,clean,Yoruba,mistral_7b_v0.1,2.9537037037037037
T3-02,T3,clean,English,tiktoken_o200k,1.0
T3-02,T3,clean,Bengali,tiktoken_o200k,1.6605504587155964
T3-02,T3,clean,Hindi,tiktoken_o200k,1.614678899082569
T3-02,T3,clean,Arabic,tiktoken_o200k,1.5229357798165137
T3-02,T3,clean,Tamil,tiktoken_o200k,1.9908256880733946
T3-02,T3,clean,Yoruba,tiktoken_o200k,2.3944954128440368
T3-02,T3,clean,English,qwen2.5_7b,1.0
T3-02,T3,clean,Bengali,qwen2.5_7b,4.611111111111111
T3-02,T3,clean,Hindi,qwen2.5_7b,4.546296296296297
T3-02,T3,clean,Arabic,qwen2.5_7b,1.8148148148148149
T3-02,T3,clean,Tamil,qwen2.5_7b,6.157407407407407
T3-02,T3,clean,Yoruba,qwen2.5_7b,3.2222222222222223
T3-02,T3,clean,English,mistral_7b_v0.1,1.0
T3-02,T3,clean,Bengali,mistral_7b_v0.1,4.355371900826446
T3-02,T3,clean,Hindi,mistral_7b_v0.1,4.570247933884297
T3-02,T3,clean,Arabic,mistral_7b_v0.1,3.8595041322314048
T3-02,T3,clean,Tamil,mistral_7b_v0.1,5.884297520661157
T3-02,T3,clean,Yoruba,mistral_7b_v0.1,3.2148760330578514
T3-03,T3,clean,English,tiktoken_o200k,1.0
T3-03,T3,clean,Bengali,tiktoken_o200k,1.7666666666666666
T3-03,T3,clean,Hindi,tiktoken_o200k,1.8777777777777778
T3-03,T3,clean,Arabic,tiktoken_o200k,1.3555555555555556
T3-03,T3,clean,Tamil,tiktoken_o200k,2.022222222222222
T3-03,T3,clean,Yoruba,tiktoken_o200k,2.1444444444444444
T3-03,T3,clean,English,qwen2.5_7b,1.0
T3-03,T3,clean,Bengali,qwen2.5_7b,5.696629213483146
T3-03,T3,clean,Hindi,qwen2.5_7b,5.292134831460674
T3-03,T3,clean,Arabic,qwen2.5_7b,1.6292134831460674
T3-03,T3,clean,Tamil,qwen2.5_7b,6.573033707865169
T3-03,T3,clean,Yoruba,qwen2.5_7b,2.932584269662921
T3-03,T3,clean,English,mistral_7b_v0.1,1.0
T3-03,T3,clean,Bengali,mistral_7b_v0.1,5.5212765957446805
T3-03,T3,clean,Hindi,mistral_7b_v0.1,5.5
T3-03,T3,clean,Arabic,mistral_7b_v0.1,3.574468085106383
T3-03,T3,clean,Tamil,mistral_7b_v0.1,6.6063829787234045
T3-03,T3,clean,Yoruba,mistral_7b_v0.1,3.1702127659574466
T3-04,T3,clean,English,tiktoken_o200k,1.0
T3-04,T3,clean,Bengali,tiktoken_o200k,1.7964601769911503
T3-04,T3,clean,Hindi,tiktoken_o200k,1.5486725663716814
T3-04,T3,clean,Arabic,tiktoken_o200k,1.2566371681415929
T3-04,T3,clean,Tamil,tiktoken_o200k,1.991150442477876
T3-04,T3,clean,Yoruba,tiktoken_o200k,2.185840707964602
T3-04,T3,clean,English,qwen2.5_7b,1.0
T3-04,T3,clean,Bengali,qwen2.5_7b,5.383928571428571
T3-04,T3,clean,Hindi,qwen2.5_7b,4.580357142857143
T3-04,T3,clean,Arabic,qwen2.5_7b,1.5714285714285714
T3-04,T3,clean,Tamil,qwen2.5_7b,6.723214285714286
T3-04,T3,clean,Yoruba,qwen2.5_7b,2.9285714285714284
T3-04,T3,clean,English,mistral_7b_v0.1,1.0
T3-04,T3,clean,Bengali,mistral_7b_v0.1,5.241379310344827
T3-04,T3,clean,Hindi,mistral_7b_v0.1,4.887931034482759
T3-04,T3,clean,Arabic,mistral_7b_v0.1,3.3793103448275863
T3-04,T3,clean,Tamil,mistral_7b_v0.1,7.017241379310345
T3-04,T3,clean,Yoruba,mistral_7b_v0.1,3.2844827586206895
T3-05,T3,clean,English,tiktoken_o200k,1.0
T3-05,T3,clean,Bengali,tiktoken_o200k,1.6213592233009708
T3-05,T3,clean,Hindi,tiktoken_o200k,1.5922330097087378
T3-05,T3,clean,Arabic,tiktoken_o200k,1.203883495145631
T3-05,T3,clean,Tamil,tiktoken_o200k,1.9223300970873787
T3-05,T3,clean,Yoruba,tiktoken_o200k,2.29126213592233
T3-05,T3,clean,English,qwen2.5_7b,1.0
T3-05,T3,clean,Bengali,qwen2.5_7b,5.088235294117647
T3-05,T3,clean,Hindi,qwen2.5_7b,4.411764705882353
T3-05,T3,clean,Arabic,qwen2.5_7b,1.5392156862745099
T3-05,T3,clean,Tamil,qwen2.5_7b,6.215686274509804
T3-05,T3,clean,Yoruba,qwen2.5_7b,3.0686274509803924
T3-05,T3,clean,English,mistral_7b_v0.1,1.0
T3-05,T3,clean,Bengali,mistral_7b_v0.1,4.990654205607477
T3-05,T3,clean,Hindi,mistral_7b_v0.1,4.691588785046729
T3-05,T3,clean,Arabic,mistral_7b_v0.1,3.317757009345794
T3-05,T3,clean,Tamil,mistral_7b_v0.1,6.336448598130841
T3-05,T3,clean,Yoruba,mistral_7b_v0.1,3.205607476635514
T3-06,T3,clean,English,tiktoken_o200k,1.0
T3-06,T3,clean,Bengali,tiktoken_o200k,1.768421052631579
T3-06,T3,clean,Hindi,tiktoken_o200k,1.5894736842105264
T3-06,T3,clean,Arabic,tiktoken_o200k,1.4421052631578948
T3-06,T3,clean,Tamil,tiktoken_o200k,2.2
T3-06,T3,clean,Yoruba,tiktoken_o200k,2.736842105263158
T3-06,T3,clean,English,qwen2.5_7b,1.0
T3-06,T3,clean,Bengali,qwen2.5_7b,5.368421052631579
T3-06,T3,clean,Hindi,qwen2.5_7b,4.2105263157894735
T3-06,T3,clean,Arabic,qwen2.5_7b,1.7157894736842105
T3-06,T3,clean,Tamil,qwen2.5_7b,6.936842105263158
T3-06,T3,clean,Yoruba,qwen2.5_7b,3.642105263157895
T3-06,T3,clean,English,mistral_7b_v0.1,1.0
T3-06,T3,clean,Bengali,mistral_7b_v0.1,5.122448979591836
T3-06,T3,clean,Hindi,mistral_7b_v0.1,4.663265306122449
T3-06,T3,clean,Arabic,mistral_7b_v0.1,3.8979591836734695
T3-06,T3,clean,Tamil,mistral_7b_v0.1,7.112244897959184
T3-06,T3,clean,Yoruba,mistral_7b_v0.1,4.030612244897959
T3-07,T3,clean,English,tiktoken_o200k,1.0
T3-07,T3,clean,Bengali,tiktoken_o200k,1.8508771929824561
T3-07,T3,clean,Hindi,tiktoken_o200k,1.605263157894737
T3-07,T3,clean,Arabic,tiktoken_o200k,1.3333333333333333
T3-07,T3,clean,Tamil,tiktoken_o200k,2.043859649122807
T3-07,T3,clean,Yoruba,tiktoken_o200k,1.3157894736842106
T3-07,T3,clean,English,qwen2.5_7b,1.0
T3-07,T3,clean,Bengali,qwen2.5_7b,5.587719298245614
T3-07,T3,clean,Hindi,qwen2.5_7b,4.333333333333333
T3-07,T3,clean,Arabic,qwen2.5_7b,1.6140350877192982
T3-07,T3,clean,Tamil,qwen2.5_7b,6.640350877192983
T3-07,T3,clean,Yoruba,qwen2.5_7b,2.1578947368421053
T3-07,T3,clean,English,mistral_7b_v0.1,1.0
T3-07,T3,clean,Bengali,mistral_7b_v0.1,5.460869565217391
T3-07,T3,clean,Hindi,mistral_7b_v0.1,4.739130434782608
T3-07,T3,clean,Arabic,mistral_7b_v0.1,3.6695652173913045
T3-07,T3,clean,Tamil,mistral_7b_v0.1,7.2956521739130435
T3-07,T3,clean,Yoruba,mistral_7b_v0.1,2.5043478260869567
T3-08,T3,clean,English,tiktoken_o200k,1.0
T3-08,T3,clean,Bengali,tiktoken_o200k,1.6923076923076923
T3-08,T3,clean,Hindi,tiktoken_o200k,1.5096153846153846
T3-08,T3,clean,Arabic,tiktoken_o200k,1.3461538461538463
T3-08,T3,clean,Tamil,tiktoken_o200k,2.0576923076923075
T3-08,T3,clean,Yoruba,tiktoken_o200k,2.5096153846153846
T3-08,T3,clean,English,qwen2.5_7b,1.0
T3-08,T3,clean,Bengali,qwen2.5_7b,5.076923076923077
T3-08,T3,clean,Hindi,qwen2.5_7b,4.1923076923076925
T3-08,T3,clean,Arabic,qwen2.5_7b,1.625
T3-08,T3,clean,Tamil,qwen2.5_7b,6.634615384615385
T3-08,T3,clean,Yoruba,qwen2.5_7b,3.4615384615384617
T3-08,T3,clean,English,mistral_7b_v0.1,1.0
T3-08,T3,clean,Bengali,mistral_7b_v0.1,4.844036697247707
T3-08,T3,clean,Hindi,mistral_7b_v0.1,4.348623853211009
T3-08,T3,clean,Arabic,mistral_7b_v0.1,3.4220183486238533
T3-08,T3,clean,Tamil,mistral_7b_v0.1,6.623853211009174
T3-08,T3,clean,Yoruba,mistral_7b_v0.1,3.4954128440366974
T3-09,T3,clean,English,tiktoken_o200k,1.0
T3-09,T3,clean,Bengali,tiktoken_o200k,1.6990291262135921
T3-09,T3,clean,Hindi,tiktoken_o200k,1.6019417475728155
T3-09,T3,clean,Arabic,tiktoken_o200k,1.4077669902912622
T3-09,T3,clean,Tamil,tiktoken_o200k,2.029126213592233
T3-09,T3,clean,Yoruba,tiktoken_o200k,2.3106796116504853
T3-09,T3,clean,English,qwen2.5_7b,1.0
T3-09,T3,clean,Bengali,qwen2.5_7b,5.485436893203883
T3-09,T3,clean,Hindi,qwen2.5_7b,4.689320388349515
T3-09,T3,clean,Arabic,qwen2.5_7b,1.6796116504854368
T3-09,T3,clean,Tamil,qwen2.5_7b,7.165048543689321
T3-09,T3,clean,Yoruba,qwen2.5_7b,3.4174757281553396
T3-09,T3,clean,English,mistral_7b_v0.1,1.0
T3-09,T3,clean,Bengali,mistral_7b_v0.1,5.277777777777778
T3-09,T3,clean,Hindi,mistral_7b_v0.1,5.064814814814815
T3-09,T3,clean,Arabic,mistral_7b_v0.1,3.6203703703703702
T3-09,T3,clean,Tamil,mistral_7b_v0.1,7.12962962962963
T3-09,T3,clean,Yoruba,mistral_7b_v0.1,3.5925925925925926
T3-10,T3,clean,English,tiktoken_o200k,1.0
T3-10,T3,clean,Bengali,tiktoken_o200k,1.7345132743362832
T3-10,T3,clean,Hindi,tiktoken_o200k,1.7433628318584071
T3-10,T3,clean,Arabic,tiktoken_o200k,1.2300884955752212
T3-10,T3,clean,Tamil,tiktoken_o200k,2.398230088495575
T3-10,T3,clean,Yoruba,tiktoken_o200k,1.3893805309734513
T3-10,T3,clean,English,qwen2.5_7b,1.0
T3-10,T3,clean,Bengali,qwen2.5_7b,5.327433628318584
T3-10,T3,clean,Hindi,qwen2.5_7b,5.247787610619469
T3-10,T3,clean,Arabic,qwen2.5_7b,1.5132743362831858
T3-10,T3,clean,Tamil,qwen2.5_7b,6.699115044247788
T3-10,T3,clean,Yoruba,qwen2.5_7b,1.9557522123893805
T3-10,T3,clean,English,mistral_7b_v0.1,1.0
T3-10,T3,clean,Bengali,mistral_7b_v0.1,5.6
T3-10,T3,clean,Hindi,mistral_7b_v0.1,5.626086956521739
T3-10,T3,clean,Arabic,mistral_7b_v0.1,3.391304347826087
T3-10,T3,clean,Tamil,mistral_7b_v0.1,7.139130434782609
T3-10,T3,clean,Yoruba,mistral_7b_v0.1,2.260869565217391
T3-11,T3,clean,English,tiktoken_o200k,1.0
T3-11,T3,clean,Bengali,tiktoken_o200k,1.7857142857142858
T3-11,T3,clean,Hindi,tiktoken_o200k,1.6785714285714286
T3-11,T3,clean,Arabic,tiktoken_o200k,1.2946428571428572
T3-11,T3,clean,Tamil,tiktoken_o200k,2.0625
T3-11,T3,clean,Yoruba,tiktoken_o200k,2.3125
T3-11,T3,clean,English,qwen2.5_7b,1.0
T3-11,T3,clean,Bengali,qwen2.5_7b,5.482142857142857
T3-11,T3,clean,Hindi,qwen2.5_7b,4.866071428571429
T3-11,T3,clean,Arabic,qwen2.5_7b,1.4910714285714286
T3-11,T3,clean,Tamil,qwen2.5_7b,6.991071428571429
T3-11,T3,clean,Yoruba,qwen2.5_7b,3.1785714285714284
T3-11,T3,clean,English,mistral_7b_v0.1,1.0
T3-11,T3,clean,Bengali,mistral_7b_v0.1,5.5625
T3-11,T3,clean,Hindi,mistral_7b_v0.1,5.455357142857143
T3-11,T3,clean,Arabic,mistral_7b_v0.1,3.580357142857143
T3-11,T3,clean,Tamil,mistral_7b_v0.1,7.366071428571429
T3-11,T3,clean,Yoruba,mistral_7b_v0.1,3.875
T3-12,T3,clean,English,tiktoken_o200k,1.0
T3-12,T3,clean,Bengali,tiktoken_o200k,1.8888888888888888
T3-12,T3,clean,Hindi,tiktoken_o200k,1.8888888888888888
T3-12,T3,clean,Arabic,tiktoken_o200k,1.4166666666666667
T3-12,T3,clean,Tamil,tiktoken_o200k,2.009259259259259
T3-12,T3,clean,Yoruba,tiktoken_o200k,2.490740740740741
T3-12,T3,clean,English,qwen2.5_7b,1.0
T3-12,T3,clean,Bengali,qwen2.5_7b,5.37037037037037
T3-12,T3,clean,Hindi,qwen2.5_7b,5.222222222222222
T3-12,T3,clean,Arabic,qwen2.5_7b,1.712962962962963
T3-12,T3,clean,Tamil,qwen2.5_7b,6.675925925925926
T3-12,T3,clean,Yoruba,qwen2.5_7b,3.4074074074074074
T3-12,T3,clean,English,mistral_7b_v0.1,1.0
T3-12,T3,clean,Bengali,mistral_7b_v0.1,5.396396396396397
T3-12,T3,clean,Hindi,mistral_7b_v0.1,5.774774774774775
T3-12,T3,clean,Arabic,mistral_7b_v0.1,3.774774774774775
T3-12,T3,clean,Tamil,mistral_7b_v0.1,6.72972972972973
T3-12,T3,clean,Yoruba,mistral_7b_v0.1,3.855855855855856
T3-13,T3,clean,English,tiktoken_o200k,1.0
T3-13,T3,clean,Bengali,tiktoken_o200k,2.0098039215686274
T3-13,T3,clean,Hindi,tiktoken_o200k,1.6666666666666667
T3-13,T3,clean,Arabic,tiktoken_o200k,1.5294117647058822
T3-13,T3,clean,Tamil,tiktoken_o200k,2.1470588235294117
T3-13,T3,clean,Yoruba,tiktoken_o200k,1.2156862745098038
T3-13,T3,clean,English,qwen2.5_7b,1.0
T3-13,T3,clean,Bengali,qwen2.5_7b,5.519607843137255
T3-13,T3,clean,Hindi,qwen2.5_7b,4.676470588235294
T3-13,T3,clean,Arabic,qwen2.5_7b,1.9411764705882353
T3-13,T3,clean,Tamil,qwen2.5_7b,6.9411764705882355
T3-13,T3,clean,Yoruba,qwen2.5_7b,1.7254901960784315
T3-13,T3,clean,English,mistral_7b_v0.1,1.0
T3-13,T3,clean,Bengali,mistral_7b_v0.1,5.388888888888889
T3-13,T3,clean,Hindi,mistral_7b_v0.1,5.018518518518518
T3-13,T3,clean,Arabic,mistral_7b_v0.1,3.8518518518518516
T3-13,T3,clean,Tamil,mistral_7b_v0.1,7.055555555555555
T3-13,T3,clean,Yoruba,mistral_7b_v0.1,1.787037037037037
T3-14,T3,clean,English,tiktoken_o200k,1.0
T3-14,T3,clean,Bengali,tiktoken_o200k,1.8934426229508197
T3-14,T3,clean,Hindi,tiktoken_o200k,1.6311475409836065
T3-14,T3,clean,Arabic,tiktoken_o200k,1.3688524590163935
T3-14,T3,clean,Tamil,tiktoken_o200k,2.262295081967213
T3-14,T3,clean,Yoruba,tiktoken_o200k,3.0163934426229506
T3-14,T3,clean,English,qwen2.5_7b,1.0
T3-14,T3,clean,Bengali,qwen2.5_7b,5.442622950819672
T3-14,T3,clean,Hindi,qwen2.5_7b,4.450819672131147
T3-14,T3,clean,Arabic,qwen2.5_7b,1.6065573770491803
T3-14,T3,clean,Tamil,qwen2.5_7b,7.131147540983607
T3-14,T3,clean,Yoruba,qwen2.5_7b,3.860655737704918
T3-14,T3,clean,English,mistral_7b_v0.1,1.0
T3-14,T3,clean,Bengali,mistral_7b_v0.1,5.053846153846154
T3-14,T3,clean,Hindi,mistral_7b_v0.1,4.753846153846154
T3-14,T3,clean,Arabic,mistral_7b_v0.1,3.4
T3-14,T3,clean,Tamil,mistral_7b_v0.1,7.1923076923076925
T3-14,T3,clean,Yoruba,mistral_7b_v0.1,3.9461538461538463
T3-15,T3,clean,English,tiktoken_o200k,1.0
T3-15,T3,clean,Bengali,tiktoken_o200k,1.8235294117647058
T3-15,T3,clean,Hindi,tiktoken_o200k,1.6764705882352942
T3-15,T3,clean,Arabic,tiktoken_o200k,1.3431372549019607
T3-15,T3,clean,Tamil,tiktoken_o200k,2.0588235294117645
T3-15,T3,clean,Yoruba,tiktoken_o200k,2.2941176470588234
T3-15,T3,clean,English,qwen2.5_7b,1.0
T3-15,T3,clean,Bengali,qwen2.5_7b,5.705882352941177
T3-15,T3,clean,Hindi,qwen2.5_7b,4.803921568627451
T3-15,T3,clean,Arabic,qwen2.5_7b,1.6470588235294117
T3-15,T3,clean,Tamil,qwen2.5_7b,7.0
T3-15,T3,clean,Yoruba,qwen2.5_7b,3.0
T3-15,T3,clean,English,mistral_7b_v0.1,1.0
T3-15,T3,clean,Bengali,mistral_7b_v0.1,5.759615384615385
T3-15,T3,clean,Hindi,mistral_7b_v0.1,5.5
T3-15,T3,clean,Arabic,mistral_7b_v0.1,3.701923076923077
T3-15,T3,clean,Tamil,mistral_7b_v0.1,7.125
T3-15,T3,clean,Yoruba,mistral_7b_v0.1,3.423076923076923
T3-16,T3,clean,English,tiktoken_o200k,1.0
T3-16,T3,clean,Bengali,tiktoken_o200k,1.853658536585366
T3-16,T3,clean,Hindi,tiktoken_o200k,1.91869918699187
T3-16,T3,clean,Arabic,tiktoken_o200k,1.2926829268292683
T3-16,T3,clean,Tamil,tiktoken_o200k,2.105691056910569
T3-16,T3,clean,Yoruba,tiktoken_o200k,2.5284552845528454
T3-16,T3,clean,English,qwen2.5_7b,1.0
T3-16,T3,clean,Bengali,qwen2.5_7b,6.2926829268292686
T3-16,T3,clean,Hindi,qwen2.5_7b,5.479674796747967
T3-16,T3,clean,Arabic,qwen2.5_7b,1.4959349593495934
T3-16,T3,clean,Tamil,qwen2.5_7b,6.203252032520325
T3-16,T3,clean,Yoruba,qwen2.5_7b,3.2195121951219514
T3-16,T3,clean,English,mistral_7b_v0.1,1.0
T3-16,T3,clean,Bengali,mistral_7b_v0.1,6.142857142857143
T3-16,T3,clean,Hindi,mistral_7b_v0.1,5.976190476190476
T3-16,T3,clean,Arabic,mistral_7b_v0.1,3.9682539682539684
T3-16,T3,clean,Tamil,mistral_7b_v0.1,6.428571428571429
T3-16,T3,clean,Yoruba,mistral_7b_v0.1,3.365079365079365
T3-17,T3,clean,English,tiktoken_o200k,1.0
T3-17,T3,clean,Bengali,tiktoken_o200k,1.8785046728971964
T3-17,T3,clean,Hindi,tiktoken_o200k,1.6822429906542056
T3-17,T3,clean,Arabic,tiktoken_o200k,1.5700934579439252
T3-17,T3,clean,Tamil,tiktoken_o200k,2.1869158878504673
T3-17,T3,clean,Yoruba,tiktoken_o200k,2.5794392523364484
T3-17,T3,clean,English,qwen2.5_7b,1.0
T3-17,T3,clean,Bengali,qwen2.5_7b,5.355140186915888
T3-17,T3,clean,Hindi,qwen2.5_7b,4.710280373831775
T3-17,T3,clean,Arabic,qwen2.5_7b,1.8317757009345794
T3-17,T3,clean,Tamil,qwen2.5_7b,6.88785046728972
T3-17,T3,clean,Yoruba,qwen2.5_7b,3.411214953271028
T3-17,T3,clean,English,mistral_7b_v0.1,1.0
T3-17,T3,clean,Bengali,mistral_7b_v0.1,5.36697247706422
T3-17,T3,clean,Hindi,mistral_7b_v0.1,5.174311926605505
T3-17,T3,clean,Arabic,mistral_7b_v0.1,4.192660550458716
T3-17,T3,clean,Tamil,mistral_7b_v0.1,6.926605504587156
T3-17,T3,clean,Yoruba,mistral_7b_v0.1,3.779816513761468
T3-18,T3,clean,English,tiktoken_o200k,1.0
T3-18,T3,clean,Bengali,tiktoken_o200k,1.7383177570093458
T3-18,T3,clean,Hindi,tiktoken_o200k,1.644859813084112
T3-18,T3,clean,Arabic,tiktoken_o200k,1.2242990654205608
T3-18,T3,clean,Tamil,tiktoken_o200k,1.7570093457943925
T3-18,T3,clean,Yoruba,tiktoken_o200k,2.046728971962617
T3-18,T3,clean,English,qwen2.5_7b,1.0
T3-18,T3,clean,Bengali,qwen2.5_7b,5.046728971962617
T3-18,T3,clean,Hindi,qwen2.5_7b,4.635514018691588
T3-18,T3,clean,Arabic,qwen2.5_7b,1.5046728971962617
T3-18,T3,clean,Tamil,qwen2.5_7b,5.878504672897196
T3-18,T3,clean,Yoruba,qwen2.5_7b,2.607476635514019
T3-18,T3,clean,English,mistral_7b_v0.1,1.0
T3-18,T3,clean,Bengali,mistral_7b_v0.1,4.972972972972973
T3-18,T3,clean,Hindi,mistral_7b_v0.1,4.918918918918919
T3-18,T3,clean,Arabic,mistral_7b_v0.1,3.6666666666666665
T3-18,T3,clean,Tamil,mistral_7b_v0.1,5.747747747747748
T3-18,T3,clean,Yoruba,mistral_7b_v0.1,2.810810810810811
T3-19,T3,clean,English,tiktoken_o200k,1.0
T3-19,T3,clean,Bengali,tiktoken_o200k,1.9166666666666667
T3-19,T3,clean,Hindi,tiktoken_o200k,1.5
T3-19,T3,clean,Arabic,tiktoken_o200k,1.45
T3-19,T3,clean,Tamil,tiktoken_o200k,2.2416666666666667
T3-19,T3,clean,Yoruba,tiktoken_o200k,2.7916666666666665
T3-19,T3,clean,English,qwen2.5_7b,1.0
T3-19,T3,clean,Bengali,qwen2.5_7b,5.958677685950414
T3-19,T3,clean,Hindi,qwen2.5_7b,4.404958677685951
T3-19,T3,clean,Arabic,qwen2.5_7b,1.7024793388429753
T3-19,T3,clean,Tamil,qwen2.5_7b,7.3884297520661155
T3-19,T3,clean,Yoruba,qwen2.5_7b,3.553719008264463
T3-19,T3,clean,English,mistral_7b_v0.1,1.0
T3-19,T3,clean,Bengali,mistral_7b_v0.1,5.406015037593985
T3-19,T3,clean,Hindi,mistral_7b_v0.1,4.473684210526316
T3-19,T3,clean,Arabic,mistral_7b_v0.1,3.5864661654135337
T3-19,T3,clean,Tamil,mistral_7b_v0.1,6.857142857142857
T3-19,T3,clean,Yoruba,mistral_7b_v0.1,3.6165413533834587
T3-20,T3,clean,English,tiktoken_o200k,1.0
T3-20,T3,clean,Bengali,tiktoken_o200k,1.6785714285714286
T3-20,T3,clean,Hindi,tiktoken_o200k,1.5089285714285714
T3-20,T3,clean,Arabic,tiktoken_o200k,1.2053571428571428
T3-20,T3,clean,Tamil,tiktoken_o200k,1.7678571428571428
T3-20,T3,clean,Yoruba,tiktoken_o200k,2.4107142857142856
T3-20,T3,clean,English,qwen2.5_7b,1.0
T3-20,T3,clean,Bengali,qwen2.5_7b,5.1946902654867255
T3-20,T3,clean,Hindi,qwen2.5_7b,4.8053097345132745
T3-20,T3,clean,Arabic,qwen2.5_7b,1.4955752212389382
T3-20,T3,clean,Tamil,qwen2.5_7b,6.442477876106195
T3-20,T3,clean,Yoruba,qwen2.5_7b,2.9911504424778763
T3-20,T3,clean,English,mistral_7b_v0.1,1.0
T3-20,T3,clean,Bengali,mistral_7b_v0.1,5.1570247933884295
T3-20,T3,clean,Hindi,mistral_7b_v0.1,4.900826446280992
T3-20,T3,clean,Arabic,mistral_7b_v0.1,3.3636363636363638
T3-20,T3,clean,Tamil,mistral_7b_v0.1,6.214876033057851
T3-20,T3,clean,Yoruba,mistral_7b_v0.1,3.0578512396694215
T1-21,T1,mixed,English,tiktoken_o200k,1.0
T1-21,T1,mixed,Bengali,tiktoken_o200k,1.7142857142857142
T1-21,T1,mixed,Hindi,tiktoken_o200k,1.7142857142857142
T1-21,T1,mixed,Arabic,tiktoken_o200k,1.5714285714285714
T1-21,T1,mixed,Tamil,tiktoken_o200k,2.142857142857143
T1-21,T1,mixed,Yoruba,tiktoken_o200k,2.5714285714285716
T1-21,T1,mixed,English,qwen2.5_7b,1.0
T1-21,T1,mixed,Bengali,qwen2.5_7b,4.714285714285714
T1-21,T1,mixed,Hindi,qwen2.5_7b,4.285714285714286
T1-21,T1,mixed,Arabic,qwen2.5_7b,1.8571428571428572
T1-21,T1,mixed,Tamil,qwen2.5_7b,6.0
T1-21,T1,mixed,Yoruba,qwen2.5_7b,3.4285714285714284
T1-21,T1,mixed,English,mistral_7b_v0.1,1.0
T1-21,T1,mixed,Bengali,mistral_7b_v0.1,4.571428571428571
T1-21,T1,mixed,Hindi,mistral_7b_v0.1,4.714285714285714
T1-21,T1,mixed,Arabic,mistral_7b_v0.1,3.7142857142857144
T1-21,T1,mixed,Tamil,mistral_7b_v0.1,5.714285714285714
T1-21,T1,mixed,Yoruba,mistral_7b_v0.1,3.4285714285714284
T1-22,T1,english_retained,English,tiktoken_o200k,1.0
T1-22,T1,english_retained,Bengali,tiktoken_o200k,1.375
T1-22,T1,english_retained,Hindi,tiktoken_o200k,1.625
T1-22,T1,english_retained,Arabic,tiktoken_o200k,2.0
T1-22,T1,english_retained,Tamil,tiktoken_o200k,1.0
T1-22,T1,english_retained,Yoruba,tiktoken_o200k,1.75
T1-22,T1,english_retained,English,qwen2.5_7b,1.0
T1-22,T1,english_retained,Bengali,qwen2.5_7b,2.5
T1-22,T1,english_retained,Hindi,qwen2.5_7b,3.0
T1-22,T1,english_retained,Arabic,qwen2.5_7b,2.25
T1-22,T1,english_retained,Tamil,qwen2.5_7b,1.0
T1-22,T1,english_retained,Yoruba,qwen2.5_7b,2.25
T1-22,T1,english_retained,English,mistral_7b_v0.1,1.0
T1-22,T1,english_retained,Bengali,mistral_7b_v0.1,3.142857142857143
T1-22,T1,english_retained,Hindi,mistral_7b_v0.1,3.4285714285714284
T1-22,T1,english_retained,Arabic,mistral_7b_v0.1,5.857142857142857
T1-22,T1,english_retained,Tamil,mistral_7b_v0.1,1.0
T1-22,T1,english_retained,Yoruba,mistral_7b_v0.1,2.7142857142857144
T1-23,T1,mixed,English,tiktoken_o200k,1.0
T1-23,T1,mixed,Bengali,tiktoken_o200k,1.875
T1-23,T1,mixed,Hindi,tiktoken_o200k,1.125
T1-23,T1,mixed,Arabic,tiktoken_o200k,1.75
T1-23,T1,mixed,Tamil,tiktoken_o200k,2.625
T1-23,T1,mixed,Yoruba,tiktoken_o200k,2.625
T1-23,T1,mixed,English,qwen2.5_7b,1.0
T1-23,T1,mixed,Bengali,qwen2.5_7b,5.125
T1-23,T1,mixed,Hindi,qwen2.5_7b,3.25
T1-23,T1,mixed,Arabic,qwen2.5_7b,2.125
T1-23,T1,mixed,Tamil,qwen2.5_7b,6.875
T1-23,T1,mixed,Yoruba,qwen2.5_7b,3.625
T1-23,T1,mixed,English,mistral_7b_v0.1,1.0
T1-23,T1,mixed,Bengali,mistral_7b_v0.1,5.375
T1-23,T1,mixed,Hindi,mistral_7b_v0.1,3.5
T1-23,T1,mixed,Arabic,mistral_7b_v0.1,5.25
T1-23,T1,mixed,Tamil,mistral_7b_v0.1,7.25
T1-23,T1,mixed,Yoruba,mistral_7b_v0.1,3.875
T1-24,T1,english_retained,English,tiktoken_o200k,1.0
T1-24,T1,english_retained,Bengali,tiktoken_o200k,1.25
T1-24,T1,english_retained,Hindi,tiktoken_o200k,3.25
T1-24,T1,english_retained,Arabic,tiktoken_o200k,1.75
T1-24,T1,english_retained,Tamil,tiktoken_o200k,1.0
T1-24,T1,english_retained,Yoruba,tiktoken_o200k,2.625
T1-24,T1,english_retained,English,qwen2.5_7b,1.0
T1-24,T1,english_retained,Bengali,qwen2.5_7b,3.0
T1-24,T1,english_retained,Hindi,qwen2.5_7b,7.75
T1-24,T1,english_retained,Arabic,qwen2.5_7b,1.625
T1-24,T1,english_retained,Tamil,qwen2.5_7b,1.0
T1-24,T1,english_retained,Yoruba,qwen2.5_7b,3.75
T1-24,T1,english_retained,English,mistral_7b_v0.1,1.0
T1-24,T1,english_retained,Bengali,mistral_7b_v0.1,2.75
T1-24,T1,english_retained,Hindi,mistral_7b_v0.1,8.875
T1-24,T1,english_retained,Arabic,mistral_7b_v0.1,4.125
T1-24,T1,english_retained,Tamil,mistral_7b_v0.1,1.0
T1-24,T1,english_retained,Yoruba,mistral_7b_v0.1,4.125
T1-25,T1,mixed,English,tiktoken_o200k,1.0
T1-25,T1,mixed,Bengali,tiktoken_o200k,1.2
T1-25,T1,mixed,Hindi,tiktoken_o200k,1.5
T1-25,T1,mixed,Arabic,tiktoken_o200k,1.0
T1-25,T1,mixed,Tamil,tiktoken_o200k,1.1
T1-25,T1,mixed,Yoruba,tiktoken_o200k,1.8
T1-25,T1,mixed,English,qwen2.5_7b,1.0
T1-25,T1,mixed,Bengali,qwen2.5_7b,2.75
T1-25,T1,mixed,Hindi,qwen2.5_7b,5.75
T1-25,T1,mixed,Arabic,qwen2.5_7b,1.375
T1-25,T1,mixed,Tamil,qwen2.5_7b,3.375
T1-25,T1,mixed,Yoruba,qwen2.5_7b,2.625
T1-25,T1,mixed,English,mistral_7b_v0.1,1.0
T1-25,T1,mixed,Bengali,mistral_7b_v0.1,2.7777777777777777
T1-25,T1,mixed,Hindi,mistral_7b_v0.1,5.444444444444445
T1-25,T1,mixed,Arabic,mistral_7b_v0.1,3.2222222222222223
T1-25,T1,mixed,Tamil,mistral_7b_v0.1,3.111111111111111
T1-25,T1,mixed,Yoruba,mistral_7b_v0.1,2.3333333333333335
T1-26,T1,english_retained,English,tiktoken_o200k,1.0
T1-26,T1,english_retained,Bengali,tiktoken_o200k,1.0
T1-26,T1,english_retained,Hindi,tiktoken_o200k,1.75
T1-26,T1,english_retained,Arabic,tiktoken_o200k,1.625
T1-26,T1,english_retained,Tamil,tiktoken_o200k,1.625
T1-26,T1,english_retained,Yoruba,tiktoken_o200k,2.375
T1-26,T1,english_retained,English,qwen2.5_7b,1.0
T1-26,T1,english_retained,Bengali,qwen2.5_7b,2.125
T1-26,T1,english_retained,Hindi,qwen2.5_7b,4.0
T1-26,T1,english_retained,Arabic,qwen2.5_7b,1.75
T1-26,T1,english_retained,Tamil,qwen2.5_7b,5.5
T1-26,T1,english_retained,Yoruba,qwen2.5_7b,2.875
T1-26,T1,english_retained,English,mistral_7b_v0.1,1.0
T1-26,T1,english_retained,Bengali,mistral_7b_v0.1,2.0
T1-26,T1,english_retained,Hindi,mistral_7b_v0.1,4.375
T1-26,T1,english_retained,Arabic,mistral_7b_v0.1,4.25
T1-26,T1,english_retained,Tamil,mistral_7b_v0.1,5.5
T1-26,T1,english_retained,Yoruba,mistral_7b_v0.1,3.0
T1-27,T1,english_retained,English,tiktoken_o200k,1.0
T1-27,T1,english_retained,Bengali,tiktoken_o200k,1.1111111111111112
T1-27,T1,english_retained,Hindi,tiktoken_o200k,1.2222222222222223
T1-27,T1,english_retained,Arabic,tiktoken_o200k,1.3333333333333333
T1-27,T1,english_retained,Tamil,tiktoken_o200k,1.3333333333333333
T1-27,T1,english_retained,Yoruba,tiktoken_o200k,1.3333333333333333
T1-27,T1,english_retained,English,qwen2.5_7b,1.0
T1-27,T1,english_retained,Bengali,qwen2.5_7b,2.857142857142857
T1-27,T1,english_retained,Hindi,qwen2.5_7b,3.0
T1-27,T1,english_retained,Arabic,qwen2.5_7b,2.4285714285714284
T1-27,T1,english_retained,Tamil,qwen2.5_7b,4.285714285714286
T1-27,T1,english_retained,Yoruba,qwen2.5_7b,2.0
T1-27,T1,english_retained,English,mistral_7b_v0.1,1.0
T1-27,T1,english_retained,Bengali,mistral_7b_v0.1,2.625
T1-27,T1,english_retained,Hindi,mistral_7b_v0.1,3.0
T1-27,T1,english_retained,Arabic,mistral_7b_v0.1,5.375
T1-27,T1,english_retained,Tamil,mistral_7b_v0.1,3.875
T1-27,T1,english_retained,Yoruba,mistral_7b_v0.1,1.75
T1-28,T1,english_retained,English,tiktoken_o200k,1.0
T1-28,T1,english_retained,Bengali,tiktoken_o200k,1.3
T1-28,T1,english_retained,Hindi,tiktoken_o200k,2.1
T1-28,T1,english_retained,Arabic,tiktoken_o200k,2.1
T1-28,T1,english_retained,Tamil,tiktoken_o200k,2.4
T1-28,T1,english_retained,Yoruba,tiktoken_o200k,2.6
T1-28,T1,english_retained,English,qwen2.5_7b,1.0
T1-28,T1,english_retained,Bengali,qwen2.5_7b,3.7
T1-28,T1,english_retained,Hindi,qwen2.5_7b,6.1
T1-28,T1,english_retained,Arabic,qwen2.5_7b,2.4
T1-28,T1,english_retained,Tamil,qwen2.5_7b,8.4
T1-28,T1,english_retained,Yoruba,qwen2.5_7b,3.3
T1-28,T1,english_retained,English,mistral_7b_v0.1,1.0
T1-28,T1,english_retained,Bengali,mistral_7b_v0.1,3.4545454545454546
T1-28,T1,english_retained,Hindi,mistral_7b_v0.1,6.181818181818182
T1-28,T1,english_retained,Arabic,mistral_7b_v0.1,4.454545454545454
T1-28,T1,english_retained,Tamil,mistral_7b_v0.1,8.090909090909092
T1-28,T1,english_retained,Yoruba,mistral_7b_v0.1,3.272727272727273
T1-29,T1,clean,English,tiktoken_o200k,1.0
T1-29,T1,clean,Bengali,tiktoken_o200k,2.0
T1-29,T1,clean,Hindi,tiktoken_o200k,2.5
T1-29,T1,clean,Arabic,tiktoken_o200k,1.625
T1-29,T1,clean,Tamil,tiktoken_o200k,2.625
T1-29,T1,clean,Yoruba,tiktoken_o200k,3.25
T1-29,T1,clean,English,qwen2.5_7b,1.0
T1-29,T1,clean,Bengali,qwen2.5_7b,7.75
T1-29,T1,clean,Hindi,qwen2.5_7b,6.5
T1-29,T1,clean,Arabic,qwen2.5_7b,1.5
T1-29,T1,clean,Tamil,qwen2.5_7b,8.0
T1-29,T1,clean,Yoruba,qwen2.5_7b,4.0
T1-29,T1,clean,English,mistral_7b_v0.1,1.0
T1-29,T1,clean,Bengali,mistral_7b_v0.1,6.777777777777778
T1-29,T1,clean,Hindi,mistral_7b_v0.1,6.555555555555555
T1-29,T1,clean,Arabic,mistral_7b_v0.1,3.5555555555555554
T1-29,T1,clean,Tamil,mistral_7b_v0.1,7.444444444444445
T1-29,T1,clean,Yoruba,mistral_7b_v0.1,4.0
T1-30,T1,mixed,English,tiktoken_o200k,1.0
T1-30,T1,mixed,Bengali,tiktoken_o200k,1.375
T1-30,T1,mixed,Hindi,tiktoken_o200k,2.125
T1-30,T1,mixed,Arabic,tiktoken_o200k,1.375
T1-30,T1,mixed,Tamil,tiktoken_o200k,2.5
T1-30,T1,mixed,Yoruba,tiktoken_o200k,2.25
T1-30,T1,mixed,English,qwen2.5_7b,1.0
T1-30,T1,mixed,Bengali,qwen2.5_7b,4.875
T1-30,T1,mixed,Hindi,qwen2.5_7b,5.5
T1-30,T1,mixed,Arabic,qwen2.5_7b,1.375
T1-30,T1,mixed,Tamil,qwen2.5_7b,8.875
T1-30,T1,mixed,Yoruba,qwen2.5_7b,3.125
T1-30,T1,mixed,English,mistral_7b_v0.1,1.0
T1-30,T1,mixed,Bengali,mistral_7b_v0.1,4.625
T1-30,T1,mixed,Hindi,mistral_7b_v0.1,6.625
T1-30,T1,mixed,Arabic,mistral_7b_v0.1,3.5
T1-30,T1,mixed,Tamil,mistral_7b_v0.1,9.75
T1-30,T1,mixed,Yoruba,mistral_7b_v0.1,3.25
T1-31,T1,mixed,English,tiktoken_o200k,1.0
T1-31,T1,mixed,Bengali,tiktoken_o200k,1.5
T1-31,T1,mixed,Hindi,tiktoken_o200k,1.5
T1-31,T1,mixed,Arabic,tiktoken_o200k,1.6666666666666667
T1-31,T1,mixed,Tamil,tiktoken_o200k,2.6666666666666665
T1-31,T1,mixed,Yoruba,tiktoken_o200k,1.5
T1-31,T1,mixed,English,qwen2.5_7b,1.0
T1-31,T1,mixed,Bengali,qwen2.5_7b,4.166666666666667
T1-31,T1,mixed,Hindi,qwen2.5_7b,4.833333333333333
T1-31,T1,mixed,Arabic,qwen2.5_7b,2.5
T1-31,T1,mixed,Tamil,qwen2.5_7b,6.666666666666667
T1-31,T1,mixed,Yoruba,qwen2.5_7b,2.0
T1-31,T1,mixed,English,mistral_7b_v0.1,1.0
T1-31,T1,mixed,Bengali,mistral_7b_v0.1,4.666666666666667
T1-31,T1,mixed,Hindi,mistral_7b_v0.1,5.5
T1-31,T1,mixed,Arabic,mistral_7b_v0.1,5.0
T1-31,T1,mixed,Tamil,mistral_7b_v0.1,7.0
T1-31,T1,mixed,Yoruba,mistral_7b_v0.1,2.3333333333333335
T1-32,T1,mixed,English,tiktoken_o200k,1.0
T1-32,T1,mixed,Bengali,tiktoken_o200k,1.2857142857142858
T1-32,T1,mixed,Hindi,tiktoken_o200k,2.0
T1-32,T1,mixed,Arabic,tiktoken_o200k,1.7142857142857142
T1-32,T1,mixed,Tamil,tiktoken_o200k,2.857142857142857
T1-32,T1,mixed,Yoruba,tiktoken_o200k,2.142857142857143
T1-32,T1,mixed,English,qwen2.5_7b,1.0
T1-32,T1,mixed,Bengali,qwen2.5_7b,3.5714285714285716
T1-32,T1,mixed,Hindi,qwen2.5_7b,6.714285714285714
T1-32,T1,mixed,Arabic,qwen2.5_7b,2.142857142857143
T1-32,T1,mixed,Tamil,qwen2.5_7b,8.857142857142858
T1-32,T1,mixed,Yoruba,qwen2.5_7b,2.857142857142857
T1-32,T1,mixed,English,mistral_7b_v0.1,1.0
T1-32,T1,mixed,Bengali,mistral_7b_v0.1,3.0
T1-32,T1,mixed,Hindi,mistral_7b_v0.1,7.428571428571429
T1-32,T1,mixed,Arabic,mistral_7b_v0.1,5.0
T1-32,T1,mixed,Tamil,mistral_7b_v0.1,9.0
T1-32,T1,mixed,Yoruba,mistral_7b_v0.1,3.2857142857142856
T1-33,T1,mixed,English,tiktoken_o200k,1.0
T1-33,T1,mixed,Bengali,tiktoken_o200k,1.5
T1-33,T1,mixed,Hindi,tiktoken_o200k,1.4
T1-33,T1,mixed,Arabic,tiktoken_o200k,1.3
T1-33,T1,mixed,Tamil,tiktoken_o200k,2.6
T1-33,T1,mixed,Yoruba,tiktoken_o200k,2.1
T1-33,T1,mixed,English,qwen2.5_7b,1.0
T1-33,T1,mixed,Bengali,qwen2.5_7b,3.5
T1-33,T1,mixed,Hindi,qwen2.5_7b,3.8
T1-33,T1,mixed,Arabic,qwen2.5_7b,1.6
T1-33,T1,mixed,Tamil,qwen2.5_7b,7.6
T1-33,T1,mixed,Yoruba,qwen2.5_7b,2.9
T1-33,T1,mixed,English,mistral_7b_v0.1,1.0
T1-33,T1,mixed,Bengali,mistral_7b_v0.1,3.9
T1-33,T1,mixed,Hindi,mistral_7b_v0.1,4.2
T1-33,T1,mixed,Arabic,mistral_7b_v0.1,3.7
T1-33,T1,mixed,Tamil,mistral_7b_v0.1,8.5
T1-33,T1,mixed,Yoruba,mistral_7b_v0.1,2.7
T1-34,T1,mixed,English,tiktoken_o200k,1.0
T1-34,T1,mixed,Bengali,tiktoken_o200k,1.8571428571428572
T1-34,T1,mixed,Hindi,tiktoken_o200k,3.0
T1-34,T1,mixed,Arabic,tiktoken_o200k,1.8571428571428572
T1-34,T1,mixed,Tamil,tiktoken_o200k,3.857142857142857
T1-34,T1,mixed,Yoruba,tiktoken_o200k,2.4285714285714284
T1-34,T1,mixed,English,qwen2.5_7b,1.0
T1-34,T1,mixed,Bengali,qwen2.5_7b,5.285714285714286
T1-34,T1,mixed,Hindi,qwen2.5_7b,7.714285714285714
T1-34,T1,mixed,Arabic,qwen2.5_7b,1.8571428571428572
T1-34,T1,mixed,Tamil,qwen2.5_7b,14.571428571428571
T1-34,T1,mixed,Yoruba,qwen2.5_7b,3.2857142857142856
T1-34,T1,mixed,English,mistral_7b_v0.1,1.0
T1-34,T1,mixed,Bengali,mistral_7b_v0.1,5.125
T1-34,T1,mixed,Hindi,mistral_7b_v0.1,7.25
T1-34,T1,mixed,Arabic,mistral_7b_v0.1,4.0
T1-34,T1,mixed,Tamil,mistral_7b_v0.1,13.875
T1-34,T1,mixed,Yoruba,mistral_7b_v0.1,3.75
T1-35,T1,mixed,English,tiktoken_o200k,1.0
T1-35,T1,mixed,Bengali,tiktoken_o200k,1.2
T1-35,T1,mixed,Hindi,tiktoken_o200k,1.9
T1-35,T1,mixed,Arabic,tiktoken_o200k,1.3
T1-35,T1,mixed,Tamil,tiktoken_o200k,1.8
T1-35,T1,mixed,Yoruba,tiktoken_o200k,2.5
T1-35,T1,mixed,English,qwen2.5_7b,1.0
T1-35,T1,mixed,Bengali,qwen2.5_7b,4.777777777777778
T1-35,T1,mixed,Hindi,qwen2.5_7b,5.444444444444445
T1-35,T1,mixed,Arabic,qwen2.5_7b,1.4444444444444444
T1-35,T1,mixed,Tamil,qwen2.5_7b,6.888888888888889
T1-35,T1,mixed,Yoruba,qwen2.5_7b,4.333333333333333
T1-35,T1,mixed,English,mistral_7b_v0.1,1.0
T1-35,T1,mixed,Bengali,mistral_7b_v0.1,4.5
T1-35,T1,mixed,Hindi,mistral_7b_v0.1,5.7
T1-35,T1,mixed,Arabic,mistral_7b_v0.1,3.7
T1-35,T1,mixed,Tamil,mistral_7b_v0.1,6.6
T1-35,T1,mixed,Yoruba,mistral_7b_v0.1,3.8
T2-31,T2,clean,English,tiktoken_o200k,1.0
T2-31,T2,clean,Bengali,tiktoken_o200k,1.3333333333333333
T2-31,T2,clean,Hindi,tiktoken_o200k,1.7222222222222223
T2-31,T2,clean,Arabic,tiktoken_o200k,1.3055555555555556
T2-31,T2,clean,Tamil,tiktoken_o200k,2.0555555555555554
T2-31,T2,clean,Yoruba,tiktoken_o200k,2.3055555555555554
T2-31,T2,clean,English,qwen2.5_7b,1.0
T2-31,T2,clean,Bengali,qwen2.5_7b,4.861111111111111
T2-31,T2,clean,Hindi,qwen2.5_7b,5.25
T2-31,T2,clean,Arabic,qwen2.5_7b,1.3611111111111112
T2-31,T2,clean,Tamil,qwen2.5_7b,7.166666666666667
T2-31,T2,clean,Yoruba,qwen2.5_7b,3.3055555555555554
T2-31,T2,clean,English,mistral_7b_v0.1,1.0
T2-31,T2,clean,Bengali,mistral_7b_v0.1,4.675675675675675
T2-31,T2,clean,Hindi,mistral_7b_v0.1,5.8108108108108105
T2-31,T2,clean,Arabic,mistral_7b_v0.1,3.5945945945945947
T2-31,T2,clean,Tamil,mistral_7b_v0.1,7.405405405405405
T2-31,T2,clean,Yoruba,mistral_7b_v0.1,3.3513513513513513
T2-32,T2,mixed,English,tiktoken_o200k,1.0
T2-32,T2,mixed,Bengali,tiktoken_o200k,1.135135135135135
T2-32,T2,mixed,Hindi,tiktoken_o200k,1.6486486486486487
T2-32,T2,mixed,Arabic,tiktoken_o200k,1.4054054054054055
T2-32,T2,mixed,Tamil,tiktoken_o200k,1.7567567567567568
T2-32,T2,mixed,Yoruba,tiktoken_o200k,2.135135135135135
T2-32,T2,mixed,English,qwen2.5_7b,1.0
T2-32,T2,mixed,Bengali,qwen2.5_7b,3.189189189189189
T2-32,T2,mixed,Hindi,qwen2.5_7b,4.702702702702703
T2-32,T2,mixed,Arabic,qwen2.5_7b,1.7027027027027026
T2-32,T2,mixed,Tamil,qwen2.5_7b,5.945945945945946
T2-32,T2,mixed,Yoruba,qwen2.5_7b,2.6486486486486487
T2-32,T2,mixed,English,mistral_7b_v0.1,1.0
T2-32,T2,mixed,Bengali,mistral_7b_v0.1,2.875
T2-32,T2,mixed,Hindi,mistral_7b_v0.1,4.8
T2-32,T2,mixed,Arabic,mistral_7b_v0.1,3.775
T2-32,T2,mixed,Tamil,mistral_7b_v0.1,6.125
T2-32,T2,mixed,Yoruba,mistral_7b_v0.1,2.825
T2-33,T2,mixed,English,tiktoken_o200k,1.0
T2-33,T2,mixed,Bengali,tiktoken_o200k,1.0810810810810811
T2-33,T2,mixed,Hindi,tiktoken_o200k,1.8108108108108107
T2-33,T2,mixed,Arabic,tiktoken_o200k,1.5135135135135136
T2-33,T2,mixed,Tamil,tiktoken_o200k,2.1621621621621623
T2-33,T2,mixed,Yoruba,tiktoken_o200k,2.4864864864864864
T2-33,T2,mixed,English,qwen2.5_7b,1.0
T2-33,T2,mixed,Bengali,qwen2.5_7b,3.0833333333333335
T2-33,T2,mixed,Hindi,qwen2.5_7b,5.722222222222222
T2-33,T2,mixed,Arabic,qwen2.5_7b,1.7222222222222223
T2-33,T2,mixed,Tamil,qwen2.5_7b,6.527777777777778
T2-33,T2,mixed,Yoruba,qwen2.5_7b,3.361111111111111
T2-33,T2,mixed,English,mistral_7b_v0.1,1.0
T2-33,T2,mixed,Bengali,mistral_7b_v0.1,3.189189189189189
T2-33,T2,mixed,Hindi,mistral_7b_v0.1,6.054054054054054
T2-33,T2,mixed,Arabic,mistral_7b_v0.1,4.054054054054054
T2-33,T2,mixed,Tamil,mistral_7b_v0.1,6.864864864864865
T2-33,T2,mixed,Yoruba,mistral_7b_v0.1,3.6216216216216215
T2-34,T2,mixed,English,tiktoken_o200k,1.0
T2-34,T2,mixed,Bengali,tiktoken_o200k,1.2285714285714286
T2-34,T2,mixed,Hindi,tiktoken_o200k,1.9714285714285715
T2-34,T2,mixed,Arabic,tiktoken_o200k,1.2285714285714286
T2-34,T2,mixed,Tamil,tiktoken_o200k,2.3714285714285714
T2-34,T2,mixed,Yoruba,tiktoken_o200k,2.857142857142857
T2-34,T2,mixed,English,qwen2.5_7b,1.0
T2-34,T2,mixed,Bengali,qwen2.5_7b,4.088235294117647
T2-34,T2,mixed,Hindi,qwen2.5_7b,5.470588235294118
T2-34,T2,mixed,Arabic,qwen2.5_7b,1.5588235294117647
T2-34,T2,mixed,Tamil,qwen2.5_7b,7.676470588235294
T2-34,T2,mixed,Yoruba,qwen2.5_7b,4.029411764705882
T2-34,T2,mixed,English,mistral_7b_v0.1,1.0
T2-34,T2,mixed,Bengali,mistral_7b_v0.1,4.0
T2-34,T2,mixed,Hindi,mistral_7b_v0.1,6.055555555555555
T2-34,T2,mixed,Arabic,mistral_7b_v0.1,3.6666666666666665
T2-34,T2,mixed,Tamil,mistral_7b_v0.1,7.694444444444445
T2-34,T2,mixed,Yoruba,mistral_7b_v0.1,4.222222222222222
T2-35,T2,mixed,English,tiktoken_o200k,1.0
T2-35,T2,mixed,Bengali,tiktoken_o200k,1.131578947368421
T2-35,T2,mixed,Hindi,tiktoken_o200k,1.763157894736842
T2-35,T2,mixed,Arabic,tiktoken_o200k,1.263157894736842
T2-35,T2,mixed,Tamil,tiktoken_o200k,2.1052631578947367
T2-35,T2,mixed,Yoruba,tiktoken_o200k,2.526315789473684
T2-35,T2,mixed,English,qwen2.5_7b,1.0
T2-35,T2,mixed,Bengali,qwen2.5_7b,3.1315789473684212
T2-35,T2,mixed,Hindi,qwen2.5_7b,5.315789473684211
T2-35,T2,mixed,Arabic,qwen2.5_7b,1.5
T2-35,T2,mixed,Tamil,qwen2.5_7b,7.7368421052631575
T2-35,T2,mixed,Yoruba,qwen2.5_7b,3.5789473684210527
T2-35,T2,mixed,English,mistral_7b_v0.1,1.0
T2-35,T2,mixed,Bengali,mistral_7b_v0.1,3.5
T2-35,T2,mixed,Hindi,mistral_7b_v0.1,5.7631578947368425
T2-35,T2,mixed,Arabic,mistral_7b_v0.1,3.710526315789474
T2-35,T2,mixed,Tamil,mistral_7b_v0.1,8.052631578947368
T2-35,T2,mixed,Yoruba,mistral_7b_v0.1,3.8421052631578947
T2-36,T2,mixed,English,tiktoken_o200k,1.0
T2-36,T2,mixed,Bengali,tiktoken_o200k,1.054054054054054
T2-36,T2,mixed,Hindi,tiktoken_o200k,1.5405405405405406
T2-36,T2,mixed,Arabic,tiktoken_o200k,1.4054054054054055
T2-36,T2,mixed,Tamil,tiktoken_o200k,2.081081081081081
T2-36,T2,mixed,Yoruba,tiktoken_o200k,1.4864864864864864
T2-36,T2,mixed,English,qwen2.5_7b,1.0
T2-36,T2,mixed,Bengali,qwen2.5_7b,3.0
T2-36,T2,mixed,Hindi,qwen2.5_7b,4.918918918918919
T2-36,T2,mixed,Arabic,qwen2.5_7b,1.7297297297297298
T2-36,T2,mixed,Tamil,qwen2.5_7b,7.297297297297297
T2-36,T2,mixed,Yoruba,qwen2.5_7b,2.2972972972972974
T2-36,T2,mixed,English,mistral_7b_v0.1,1.0
T2-36,T2,mixed,Bengali,mistral_7b_v0.1,3.1052631578947367
T2-36,T2,mixed,Hindi,mistral_7b_v0.1,5.447368421052632
T2-36,T2,mixed,Arabic,mistral_7b_v0.1,3.9473684210526314
T2-36,T2,mixed,Tamil,mistral_7b_v0.1,7.578947368421052
T2-36,T2,mixed,Yoruba,mistral_7b_v0.1,2.4473684210526314
T2-37,T2,mixed,English,tiktoken_o200k,1.0
T2-37,T2,mixed,Bengali,tiktoken_o200k,1.2333333333333334
T2-37,T2,mixed,Hindi,tiktoken_o200k,1.5333333333333334
T2-37,T2,mixed,Arabic,tiktoken_o200k,1.3666666666666667
T2-37,T2,mixed,Tamil,tiktoken_o200k,2.2
T2-37,T2,mixed,Yoruba,tiktoken_o200k,3.1
T2-37,T2,mixed,English,qwen2.5_7b,1.0
T2-37,T2,mixed,Bengali,qwen2.5_7b,3.066666666666667
T2-37,T2,mixed,Hindi,qwen2.5_7b,4.7
T2-37,T2,mixed,Arabic,qwen2.5_7b,1.6666666666666667
T2-37,T2,mixed,Tamil,qwen2.5_7b,7.2
T2-37,T2,mixed,Yoruba,qwen2.5_7b,3.7666666666666666
T2-37,T2,mixed,English,mistral_7b_v0.1,1.0
T2-37,T2,mixed,Bengali,mistral_7b_v0.1,3.2
T2-37,T2,mixed,Hindi,mistral_7b_v0.1,5.0
T2-37,T2,mixed,Arabic,mistral_7b_v0.1,4.166666666666667
T2-37,T2,mixed,Tamil,mistral_7b_v0.1,7.166666666666667
T2-37,T2,mixed,Yoruba,mistral_7b_v0.1,4.033333333333333
T2-38,T2,mixed,English,tiktoken_o200k,1.0
T2-38,T2,mixed,Bengali,tiktoken_o200k,1.0
T2-38,T2,mixed,Hindi,tiktoken_o200k,1.3243243243243243
T2-38,T2,mixed,Arabic,tiktoken_o200k,1.2432432432432432
T2-38,T2,mixed,Tamil,tiktoken_o200k,1.864864864864865
T2-38,T2,mixed,Yoruba,tiktoken_o200k,1.4864864864864864
T2-38,T2,mixed,English,qwen2.5_7b,1.0
T2-38,T2,mixed,Bengali,qwen2.5_7b,2.8378378378378377
T2-38,T2,mixed,Hindi,qwen2.5_7b,3.864864864864865
T2-38,T2,mixed,Arabic,qwen2.5_7b,1.4324324324324325
T2-38,T2,mixed,Tamil,qwen2.5_7b,5.756756756756757
T2-38,T2,mixed,Yoruba,qwen2.5_7b,2.324324324324324
T2-38,T2,mixed,English,mistral_7b_v0.1,1.0
T2-38,T2,mixed,Bengali,mistral_7b_v0.1,2.725
T2-38,T2,mixed,Hindi,mistral_7b_v0.1,3.975
T2-38,T2,mixed,Arabic,mistral_7b_v0.1,3.3
T2-38,T2,mixed,Tamil,mistral_7b_v0.1,5.7
T2-38,T2,mixed,Yoruba,mistral_7b_v0.1,2.45
T2-39,T2,mixed,English,tiktoken_o200k,1.0
T2-39,T2,mixed,Bengali,tiktoken_o200k,0.9411764705882353
T2-39,T2,mixed,Hindi,tiktoken_o200k,1.6176470588235294
T2-39,T2,mixed,Arabic,tiktoken_o200k,1.0294117647058822
T2-39,T2,mixed,Tamil,tiktoken_o200k,1.6470588235294117
T2-39,T2,mixed,Yoruba,tiktoken_o200k,1.3235294117647058
T2-39,T2,mixed,English,qwen2.5_7b,1.0
T2-39,T2,mixed,Bengali,qwen2.5_7b,3.0
T2-39,T2,mixed,Hindi,qwen2.5_7b,4.911764705882353
T2-39,T2,mixed,Arabic,qwen2.5_7b,1.2647058823529411
T2-39,T2,mixed,Tamil,qwen2.5_7b,5.352941176470588
T2-39,T2,mixed,Yoruba,qwen2.5_7b,1.8529411764705883
T2-39,T2,mixed,English,mistral_7b_v0.1,1.0
T2-39,T2,mixed,Bengali,mistral_7b_v0.1,2.8285714285714287
T2-39,T2,mixed,Hindi,mistral_7b_v0.1,5.057142857142857
T2-39,T2,mixed,Arabic,mistral_7b_v0.1,3.2285714285714286
T2-39,T2,mixed,Tamil,mistral_7b_v0.1,5.6571428571428575
T2-39,T2,mixed,Yoruba,mistral_7b_v0.1,1.9142857142857144
T2-40,T2,mixed,English,tiktoken_o200k,1.0
T2-40,T2,mixed,Bengali,tiktoken_o200k,0.9285714285714286
T2-40,T2,mixed,Hindi,tiktoken_o200k,1.3214285714285714
T2-40,T2,mixed,Arabic,tiktoken_o200k,1.1071428571428572
T2-40,T2,mixed,Tamil,tiktoken_o200k,1.6428571428571428
T2-40,T2,mixed,Yoruba,tiktoken_o200k,2.107142857142857
T2-40,T2,mixed,English,qwen2.5_7b,1.0
T2-40,T2,mixed,Bengali,qwen2.5_7b,2.392857142857143
T2-40,T2,mixed,Hindi,qwen2.5_7b,4.214285714285714
T2-40,T2,mixed,Arabic,qwen2.5_7b,1.3571428571428572
T2-40,T2,mixed,Tamil,qwen2.5_7b,5.357142857142857
T2-40,T2,mixed,Yoruba,qwen2.5_7b,3.142857142857143
T2-40,T2,mixed,English,mistral_7b_v0.1,1.0
T2-40,T2,mixed,Bengali,mistral_7b_v0.1,2.4285714285714284
T2-40,T2,mixed,Hindi,mistral_7b_v0.1,4.892857142857143
T2-40,T2,mixed,Arabic,mistral_7b_v0.1,3.0357142857142856
T2-40,T2,mixed,Tamil,mistral_7b_v0.1,5.607142857142857
T2-40,T2,mixed,Yoruba,mistral_7b_v0.1,3.2857142857142856
T2-41,T2,mixed,English,tiktoken_o200k,1.0
T2-41,T2,mixed,Bengali,tiktoken_o200k,0.967741935483871
T2-41,T2,mixed,Hindi,tiktoken_o200k,1.6774193548387097
T2-41,T2,mixed,Arabic,tiktoken_o200k,1.3870967741935485
T2-41,T2,mixed,Tamil,tiktoken_o200k,2.3548387096774195
T2-41,T2,mixed,Yoruba,tiktoken_o200k,2.6129032258064515
T2-41,T2,mixed,English,qwen2.5_7b,1.0
T2-41,T2,mixed,Bengali,qwen2.5_7b,3.096774193548387
T2-41,T2,mixed,Hindi,qwen2.5_7b,5.32258064516129
T2-41,T2,mixed,Arabic,qwen2.5_7b,1.7096774193548387
T2-41,T2,mixed,Tamil,qwen2.5_7b,7.483870967741935
T2-41,T2,mixed,Yoruba,qwen2.5_7b,3.4838709677419355
T2-41,T2,mixed,English,mistral_7b_v0.1,1.0
T2-41,T2,mixed,Bengali,mistral_7b_v0.1,3.225806451612903
T2-41,T2,mixed,Hindi,mistral_7b_v0.1,5.774193548387097
T2-41,T2,mixed,Arabic,mistral_7b_v0.1,3.6774193548387095
T2-41,T2,mixed,Tamil,mistral_7b_v0.1,7.580645161290323
T2-41,T2,mixed,Yoruba,mistral_7b_v0.1,3.838709677419355
T2-42,T2,mixed,English,tiktoken_o200k,1.0
T2-42,T2,mixed,Bengali,tiktoken_o200k,1.125
T2-42,T2,mixed,Hindi,tiktoken_o200k,1.375
T2-42,T2,mixed,Arabic,tiktoken_o200k,1.375
T2-42,T2,mixed,Tamil,tiktoken_o200k,2.0
T2-42,T2,mixed,Yoruba,tiktoken_o200k,2.875
T2-42,T2,mixed,English,qwen2.5_7b,1.0
T2-42,T2,mixed,Bengali,qwen2.5_7b,3.1875
T2-42,T2,mixed,Hindi,qwen2.5_7b,4.9375
T2-42,T2,mixed,Arabic,qwen2.5_7b,1.96875
T2-42,T2,mixed,Tamil,qwen2.5_7b,7.28125
T2-42,T2,mixed,Yoruba,qwen2.5_7b,3.8125
T2-42,T2,mixed,English,mistral_7b_v0.1,1.0
T2-42,T2,mixed,Bengali,mistral_7b_v0.1,3.176470588235294
T2-42,T2,mixed,Hindi,mistral_7b_v0.1,5.0
T2-42,T2,mixed,Arabic,mistral_7b_v0.1,4.264705882352941
T2-42,T2,mixed,Tamil,mistral_7b_v0.1,6.9411764705882355
T2-42,T2,mixed,Yoruba,mistral_7b_v0.1,3.7058823529411766
T2-43,T2,mixed,English,tiktoken_o200k,1.0
T2-43,T2,mixed,Bengali,tiktoken_o200k,1.3636363636363635
T2-43,T2,mixed,Hindi,tiktoken_o200k,1.6666666666666667
T2-43,T2,mixed,Arabic,tiktoken_o200k,1.4545454545454546
T2-43,T2,mixed,Tamil,tiktoken_o200k,2.0
T2-43,T2,mixed,Yoruba,tiktoken_o200k,2.515151515151515
T2-43,T2,mixed,English,qwen2.5_7b,1.0
T2-43,T2,mixed,Bengali,qwen2.5_7b,3.515151515151515
T2-43,T2,mixed,Hindi,qwen2.5_7b,4.818181818181818
T2-43,T2,mixed,Arabic,qwen2.5_7b,1.6666666666666667
T2-43,T2,mixed,Tamil,qwen2.5_7b,6.454545454545454
T2-43,T2,mixed,Yoruba,qwen2.5_7b,3.9696969696969697
T2-43,T2,mixed,English,mistral_7b_v0.1,1.0
T2-43,T2,mixed,Bengali,mistral_7b_v0.1,3.5588235294117645
T2-43,T2,mixed,Hindi,mistral_7b_v0.1,5.117647058823529
T2-43,T2,mixed,Arabic,mistral_7b_v0.1,4.117647058823529
T2-43,T2,mixed,Tamil,mistral_7b_v0.1,6.882352941176471
T2-43,T2,mixed,Yoruba,mistral_7b_v0.1,4.088235294117647
T2-44,T2,mixed,English,tiktoken_o200k,1.0
T2-44,T2,mixed,Bengali,tiktoken_o200k,1.32
T2-44,T2,mixed,Hindi,tiktoken_o200k,1.76
T2-44,T2,mixed,Arabic,tiktoken_o200k,1.56
T2-44,T2,mixed,Tamil,tiktoken_o200k,2.32
T2-44,T2,mixed,Yoruba,tiktoken_o200k,1.4
T2-44,T2,mixed,English,qwen2.5_7b,1.0
T2-44,T2,mixed,Bengali,qwen2.5_7b,3.08
T2-44,T2,mixed,Hindi,qwen2.5_7b,5.56
T2-44,T2,mixed,Arabic,qwen2.5_7b,1.8
T2-44,T2,mixed,Tamil,qwen2.5_7b,8.4
T2-44,T2,mixed,Yoruba,qwen2.5_7b,2.28
T2-44,T2,mixed,English,mistral_7b_v0.1,1.0
T2-44,T2,mixed,Bengali,mistral_7b_v0.1,3.074074074074074
T2-44,T2,mixed,Hindi,mistral_7b_v0.1,5.777777777777778
T2-44,T2,mixed,Arabic,mistral_7b_v0.1,3.888888888888889
T2-44,T2,mixed,Tamil,mistral_7b_v0.1,7.851851851851852
T2-44,T2,mixed,Yoruba,mistral_7b_v0.1,2.4814814814814814
T2-45,T2,mixed,English,tiktoken_o200k,1.0
T2-45,T2,mixed,Bengali,tiktoken_o200k,1.1290322580645162
T2-45,T2,mixed,Hindi,tiktoken_o200k,1.7741935483870968
T2-45,T2,mixed,Arabic,tiktoken_o200k,1.3870967741935485
T2-45,T2,mixed,Tamil,tiktoken_o200k,2.225806451612903
T2-45,T2,mixed,Yoruba,tiktoken_o200k,2.7419354838709675
T2-45,T2,mixed,English,qwen2.5_7b,1.0
T2-45,T2,mixed,Bengali,qwen2.5_7b,3.5483870967741935
T2-45,T2,mixed,Hindi,qwen2.5_7b,5.0
T2-45,T2,mixed,Arabic,qwen2.5_7b,1.7096774193548387
T2-45,T2,mixed,Tamil,qwen2.5_7b,7.161290322580645
T2-45,T2,mixed,Yoruba,qwen2.5_7b,3.774193548387097
T2-45,T2,mixed,English,mistral_7b_v0.1,1.0
T2-45,T2,mixed,Bengali,mistral_7b_v0.1,3.484848484848485
T2-45,T2,mixed,Hindi,mistral_7b_v0.1,5.151515151515151
T2-45,T2,mixed,Arabic,mistral_7b_v0.1,3.909090909090909
T2-45,T2,mixed,Tamil,mistral_7b_v0.1,7.2727272727272725
T2-45,T2,mixed,Yoruba,mistral_7b_v0.1,3.787878787878788
T2-46,T2,mixed,English,tiktoken_o200k,1.0
T2-46,T2,mixed,Bengali,tiktoken_o200k,1.1111111111111112
T2-46,T2,mixed,Hindi,tiktoken_o200k,1.962962962962963
T2-46,T2,mixed,Arabic,tiktoken_o200k,1.5925925925925926
T2-46,T2,mixed,Tamil,tiktoken_o200k,2.4814814814814814
T2-46,T2,mixed,Yoruba,tiktoken_o200k,2.5925925925925926
T2-46,T2,mixed,English,qwen2.5_7b,1.0
T2-46,T2,mixed,Bengali,qwen2.5_7b,3.2962962962962963
T2-46,T2,mixed,Hindi,qwen2.5_7b,5.592592592592593
T2-46,T2,mixed,Arabic,qwen2.5_7b,1.962962962962963
T2-46,T2,mixed,Tamil,qwen2.5_7b,7.703703703703703
T2-46,T2,mixed,Yoruba,qwen2.5_7b,3.5555555555555554
T2-46,T2,mixed,English,mistral_7b_v0.1,1.0
T2-46,T2,mixed,Bengali,mistral_7b_v0.1,3.25
T2-46,T2,mixed,Hindi,mistral_7b_v0.1,6.0
T2-46,T2,mixed,Arabic,mistral_7b_v0.1,4.535714285714286
T2-46,T2,mixed,Tamil,mistral_7b_v0.1,7.5
T2-46,T2,mixed,Yoruba,mistral_7b_v0.1,3.9285714285714284
T2-47,T2,mixed,English,tiktoken_o200k,1.0
T2-47,T2,mixed,Bengali,tiktoken_o200k,1.3703703703703705
T2-47,T2,mixed,Hindi,tiktoken_o200k,1.5925925925925926
T2-47,T2,mixed,Arabic,tiktoken_o200k,1.5185185185185186
T2-47,T2,mixed,Tamil,tiktoken_o200k,2.3703703703703702
T2-47,T2,mixed,Yoruba,tiktoken_o200k,2.962962962962963
T2-47,T2,mixed,English,qwen2.5_7b,1.0
T2-47,T2,mixed,Bengali,qwen2.5_7b,4.148148148148148
T2-47,T2,mixed,Hindi,qwen2.5_7b,4.703703703703703
T2-47,T2,mixed,Arabic,qwen2.5_7b,1.8518518518518519
T2-47,T2,mixed,Tamil,qwen2.5_7b,7.62962962962963
T2-47,T2,mixed,Yoruba,qwen2.5_7b,3.962962962962963
T2-47,T2,mixed,English,mistral_7b_v0.1,1.0
T2-47,T2,mixed,Bengali,mistral_7b_v0.1,3.9655172413793105
T2-47,T2,mixed,Hindi,mistral_7b_v0.1,4.931034482758621
T2-47,T2,mixed,Arabic,mistral_7b_v0.1,4.068965517241379
T2-47,T2,mixed,Tamil,mistral_7b_v0.1,7.379310344827586
T2-47,T2,mixed,Yoruba,mistral_7b_v0.1,4.0
T2-48,T2,mixed,English,tiktoken_o200k,1.0
T2-48,T2,mixed,Bengali,tiktoken_o200k,1.3225806451612903
T2-48,T2,mixed,Hindi,tiktoken_o200k,1.8709677419354838
T2-48,T2,mixed,Arabic,tiktoken_o200k,1.5806451612903225
T2-48,T2,mixed,Tamil,tiktoken_o200k,2.129032258064516
T2-48,T2,mixed,Yoruba,tiktoken_o200k,2.225806451612903
T2-48,T2,mixed,English,qwen2.5_7b,1.0
T2-48,T2,mixed,Bengali,qwen2.5_7b,2.90625
T2-48,T2,mixed,Hindi,qwen2.5_7b,4.6875
T2-48,T2,mixed,Arabic,qwen2.5_7b,1.75
T2-48,T2,mixed,Tamil,qwen2.5_7b,6.0
T2-48,T2,mixed,Yoruba,qwen2.5_7b,3.125
T2-48,T2,mixed,English,mistral_7b_v0.1,1.0
T2-48,T2,mixed,Bengali,mistral_7b_v0.1,2.764705882352941
T2-48,T2,mixed,Hindi,mistral_7b_v0.1,5.264705882352941
T2-48,T2,mixed,Arabic,mistral_7b_v0.1,3.588235294117647
T2-48,T2,mixed,Tamil,mistral_7b_v0.1,5.676470588235294
T2-48,T2,mixed,Yoruba,mistral_7b_v0.1,2.9411764705882355
T2-49,T2,mixed,English,tiktoken_o200k,1.0
T2-49,T2,mixed,Bengali,tiktoken_o200k,1.04
T2-49,T2,mixed,Hindi,tiktoken_o200k,1.84
T2-49,T2,mixed,Arabic,tiktoken_o200k,1.56
T2-49,T2,mixed,Tamil,tiktoken_o200k,2.2
T2-49,T2,mixed,Yoruba,tiktoken_o200k,2.68
T2-49,T2,mixed,English,qwen2.5_7b,1.0
T2-49,T2,mixed,Bengali,qwen2.5_7b,2.72
T2-49,T2,mixed,Hindi,qwen2.5_7b,5.4
T2-49,T2,mixed,Arabic,qwen2.5_7b,1.64
T2-49,T2,mixed,Tamil,qwen2.5_7b,6.24
T2-49,T2,mixed,Yoruba,qwen2.5_7b,3.8
T2-49,T2,mixed,English,mistral_7b_v0.1,1.0
T2-49,T2,mixed,Bengali,mistral_7b_v0.1,2.52
T2-49,T2,mixed,Hindi,mistral_7b_v0.1,6.04
T2-49,T2,mixed,Arabic,mistral_7b_v0.1,3.84
T2-49,T2,mixed,Tamil,mistral_7b_v0.1,7.04
T2-49,T2,mixed,Yoruba,mistral_7b_v0.1,3.88
T2-50,T2,mixed,English,tiktoken_o200k,1.0
T2-50,T2,mixed,Bengali,tiktoken_o200k,1.2413793103448276
T2-50,T2,mixed,Hindi,tiktoken_o200k,1.7241379310344827
T2-50,T2,mixed,Arabic,tiktoken_o200k,1.5172413793103448
T2-50,T2,mixed,Tamil,tiktoken_o200k,2.103448275862069
T2-50,T2,mixed,Yoruba,tiktoken_o200k,2.5517241379310347
T2-50,T2,mixed,English,qwen2.5_7b,1.0
T2-50,T2,mixed,Bengali,qwen2.5_7b,3.310344827586207
T2-50,T2,mixed,Hindi,qwen2.5_7b,5.9655172413793105
T2-50,T2,mixed,Arabic,qwen2.5_7b,1.5517241379310345
T2-50,T2,mixed,Tamil,qwen2.5_7b,6.758620689655173
T2-50,T2,mixed,Yoruba,qwen2.5_7b,3.103448275862069
T2-50,T2,mixed,English,mistral_7b_v0.1,1.0
T2-50,T2,mixed,Bengali,mistral_7b_v0.1,3.5161290322580645
T2-50,T2,mixed,Hindi,mistral_7b_v0.1,6.161290322580645
T2-50,T2,mixed,Arabic,mistral_7b_v0.1,4.193548387096774
T2-50,T2,mixed,Tamil,mistral_7b_v0.1,6.838709677419355
T2-50,T2,mixed,Yoruba,mistral_7b_v0.1,3.3548387096774195
T3-21,T3,mixed,English,tiktoken_o200k,1.0
T3-21,T3,mixed,Bengali,tiktoken_o200k,1.1320754716981132
T3-21,T3,mixed,Hindi,tiktoken_o200k,1.5943396226415094
T3-21,T3,mixed,Arabic,tiktoken_o200k,1.3867924528301887
T3-21,T3,mixed,Tamil,tiktoken_o200k,1.8679245283018868
T3-21,T3,mixed,Yoruba,tiktoken_o200k,2.0377358490566038
T3-21,T3,mixed,English,qwen2.5_7b,1.0
T3-21,T3,mixed,Bengali,qwen2.5_7b,2.9074074074074074
T3-21,T3,mixed,Hindi,qwen2.5_7b,4.638888888888889
T3-21,T3,mixed,Arabic,qwen2.5_7b,1.7037037037037037
T3-21,T3,mixed,Tamil,qwen2.5_7b,6.305555555555555
T3-21,T3,mixed,Yoruba,qwen2.5_7b,2.537037037037037
T3-21,T3,mixed,English,mistral_7b_v0.1,1.0
T3-21,T3,mixed,Bengali,mistral_7b_v0.1,2.893805309734513
T3-21,T3,mixed,Hindi,mistral_7b_v0.1,4.964601769911504
T3-21,T3,mixed,Arabic,mistral_7b_v0.1,3.7079646017699117
T3-21,T3,mixed,Tamil,mistral_7b_v0.1,6.265486725663717
T3-21,T3,mixed,Yoruba,mistral_7b_v0.1,2.8672566371681416
T3-22,T3,mixed,English,tiktoken_o200k,1.0
T3-22,T3,mixed,Bengali,tiktoken_o200k,1.1511627906976745
T3-22,T3,mixed,Hindi,tiktoken_o200k,1.7906976744186047
T3-22,T3,mixed,Arabic,tiktoken_o200k,1.441860465116279
T3-22,T3,mixed,Tamil,tiktoken_o200k,2.0930232558139537
T3-22,T3,mixed,Yoruba,tiktoken_o200k,2.511627906976744
T3-22,T3,mixed,English,qwen2.5_7b,1.0
T3-22,T3,mixed,Bengali,qwen2.5_7b,3.1411764705882352
T3-22,T3,mixed,Hindi,qwen2.5_7b,5.411764705882353
T3-22,T3,mixed,Arabic,qwen2.5_7b,1.7294117647058824
T3-22,T3,mixed,Tamil,qwen2.5_7b,6.529411764705882
T3-22,T3,mixed,Yoruba,qwen2.5_7b,3.2588235294117647
T3-22,T3,mixed,English,mistral_7b_v0.1,1.0
T3-22,T3,mixed,Bengali,mistral_7b_v0.1,2.9782608695652173
T3-22,T3,mixed,Hindi,mistral_7b_v0.1,5.608695652173913
T3-22,T3,mixed,Arabic,mistral_7b_v0.1,4.086956521739131
T3-22,T3,mixed,Tamil,mistral_7b_v0.1,6.565217391304348
T3-22,T3,mixed,Yoruba,mistral_7b_v0.1,3.4347826086956523
T3-23,T3,mixed,English,tiktoken_o200k,1.0
T3-23,T3,mixed,Bengali,tiktoken_o200k,1.0689655172413792
T3-23,T3,mixed,Hindi,tiktoken_o200k,1.7126436781609196
T3-23,T3,mixed,Arabic,tiktoken_o200k,1.3448275862068966
T3-23,T3,mixed,Tamil,tiktoken_o200k,2.0919540229885056
T3-23,T3,mixed,Yoruba,tiktoken_o200k,2.4022988505747125
T3-23,T3,mixed,English,qwen2.5_7b,1.0
T3-23,T3,mixed,Bengali,qwen2.5_7b,3.1264367816091956
T3-23,T3,mixed,Hindi,qwen2.5_7b,5.114942528735632
T3-23,T3,mixed,Arabic,qwen2.5_7b,1.5402298850574712
T3-23,T3,mixed,Tamil,qwen2.5_7b,7.045977011494253
T3-23,T3,mixed,Yoruba,qwen2.5_7b,3.2413793103448274
T3-23,T3,mixed,English,mistral_7b_v0.1,1.0
T3-23,T3,mixed,Bengali,mistral_7b_v0.1,3.0
T3-23,T3,mixed,Hindi,mistral_7b_v0.1,5.329787234042553
T3-23,T3,mixed,Arabic,mistral_7b_v0.1,3.4574468085106385
T3-23,T3,mixed,Tamil,mistral_7b_v0.1,6.638297872340425
T3-23,T3,mixed,Yoruba,mistral_7b_v0.1,3.351063829787234
T3-24,T3,mixed,English,tiktoken_o200k,1.0
T3-24,T3,mixed,Bengali,tiktoken_o200k,1.101123595505618
T3-24,T3,mixed,Hindi,tiktoken_o200k,1.6404494382022472
T3-24,T3,mixed,Arabic,tiktoken_o200k,1.2808988764044944
T3-24,T3,mixed,Tamil,tiktoken_o200k,2.191011235955056
T3-24,T3,mixed,Yoruba,tiktoken_o200k,2.6741573033707864
T3-24,T3,mixed,English,qwen2.5_7b,1.0
T3-24,T3,mixed,Bengali,qwen2.5_7b,2.9213483146067416
T3-24,T3,mixed,Hindi,qwen2.5_7b,5.438202247191011
T3-24,T3,mixed,Arabic,qwen2.5_7b,1.6741573033707866
T3-24,T3,mixed,Tamil,qwen2.5_7b,7.01123595505618
T3-24,T3,mixed,Yoruba,qwen2.5_7b,3.5842696629213484
T3-24,T3,mixed,English,mistral_7b_v0.1,1.0
T3-24,T3,mixed,Bengali,mistral_7b_v0.1,2.8
T3-24,T3,mixed,Hindi,mistral_7b_v0.1,5.505263157894737
T3-24,T3,mixed,Arabic,mistral_7b_v0.1,3.610526315789474
T3-24,T3,mixed,Tamil,mistral_7b_v0.1,6.810526315789474
T3-24,T3,mixed,Yoruba,mistral_7b_v0.1,3.8
T3-25,T3,mixed,English,tiktoken_o200k,1.0
T3-25,T3,mixed,Bengali,tiktoken_o200k,1.120879120879121
T3-25,T3,mixed,Hindi,tiktoken_o200k,1.7472527472527473
T3-25,T3,mixed,Arabic,tiktoken_o200k,1.6483516483516483
T3-25,T3,mixed,Tamil,tiktoken_o200k,2.21978021978022
T3-25,T3,mixed,Yoruba,tiktoken_o200k,2.7032967032967035
T3-25,T3,mixed,English,qwen2.5_7b,1.0
T3-25,T3,mixed,Bengali,qwen2.5_7b,2.9450549450549453
T3-25,T3,mixed,Hindi,qwen2.5_7b,5.032967032967033
T3-25,T3,mixed,Arabic,qwen2.5_7b,1.8681318681318682
T3-25,T3,mixed,Tamil,qwen2.5_7b,7.010989010989011
T3-25,T3,mixed,Yoruba,qwen2.5_7b,3.6923076923076925
T3-25,T3,mixed,English,mistral_7b_v0.1,1.0
T3-25,T3,mixed,Bengali,mistral_7b_v0.1,2.75
T3-25,T3,mixed,Hindi,mistral_7b_v0.1,5.354166666666667
T3-25,T3,mixed,Arabic,mistral_7b_v0.1,4.229166666666667
T3-25,T3,mixed,Tamil,mistral_7b_v0.1,7.239583333333333
T3-25,T3,mixed,Yoruba,mistral_7b_v0.1,3.8645833333333335
T3-26,T3,mixed,English,tiktoken_o200k,1.0
T3-26,T3,mixed,Bengali,tiktoken_o200k,1.1495327102803738
T3-26,T3,mixed,Hindi,tiktoken_o200k,1.439252336448598
T3-26,T3,mixed,Arabic,tiktoken_o200k,1.3831775700934579
T3-26,T3,mixed,Tamil,tiktoken_o200k,1.8317757009345794
T3-26,T3,mixed,Yoruba,tiktoken_o200k,2.0373831775700935
T3-26,T3,mixed,English,qwen2.5_7b,1.0
T3-26,T3,mixed,Bengali,qwen2.5_7b,2.97196261682243
T3-26,T3,mixed,Hindi,qwen2.5_7b,4.149532710280374
T3-26,T3,mixed,Arabic,qwen2.5_7b,1.588785046728972
T3-26,T3,mixed,Tamil,qwen2.5_7b,5.831775700934579
T3-26,T3,mixed,Yoruba,qwen2.5_7b,2.691588785046729
T3-26,T3,mixed,English,mistral_7b_v0.1,1.0
T3-26,T3,mixed,Bengali,mistral_7b_v0.1,2.9210526315789473
T3-26,T3,mixed,Hindi,mistral_7b_v0.1,4.219298245614035
T3-26,T3,mixed,Arabic,mistral_7b_v0.1,3.412280701754386
T3-26,T3,mixed,Tamil,mistral_7b_v0.1,5.631578947368421
T3-26,T3,mixed,Yoruba,mistral_7b_v0.1,2.8771929824561404
T3-27,T3,mixed,English,tiktoken_o200k,1.0
T3-27,T3,mixed,Bengali,tiktoken_o200k,1.1195652173913044
T3-27,T3,mixed,Hindi,tiktoken_o200k,1.4021739130434783
T3-27,T3,mixed,Arabic,tiktoken_o200k,1.2826086956521738
T3-27,T3,mixed,Tamil,tiktoken_o200k,2.0869565217391304
T3-27,T3,mixed,Yoruba,tiktoken_o200k,2.369565217391304
T3-27,T3,mixed,English,qwen2.5_7b,1.0
T3-27,T3,mixed,Bengali,qwen2.5_7b,2.489130434782609
T3-27,T3,mixed,Hindi,qwen2.5_7b,3.532608695652174
T3-27,T3,mixed,Arabic,qwen2.5_7b,1.4456521739130435
T3-27,T3,mixed,Tamil,qwen2.5_7b,5.5978260869565215
T3-27,T3,mixed,Yoruba,qwen2.5_7b,2.9347826086956523
T3-27,T3,mixed,English,mistral_7b_v0.1,1.0
T3-27,T3,mixed,Bengali,mistral_7b_v0.1,2.463157894736842
T3-27,T3,mixed,Hindi,mistral_7b_v0.1,3.7578947368421054
T3-27,T3,mixed,Arabic,mistral_7b_v0.1,2.663157894736842
T3-27,T3,mixed,Tamil,mistral_7b_v0.1,5.7894736842105265
T3-27,T3,mixed,Yoruba,mistral_7b_v0.1,3.4947368421052634
T3-28,T3,english_retained,English,tiktoken_o200k,1.0
T3-28,T3,english_retained,Bengali,tiktoken_o200k,1.0843373493975903
T3-28,T3,english_retained,Hindi,tiktoken_o200k,1.8674698795180722
T3-28,T3,english_retained,Arabic,tiktoken_o200k,1.5662650602409638
T3-28,T3,english_retained,Tamil,tiktoken_o200k,1.9879518072289157
T3-28,T3,english_retained,Yoruba,tiktoken_o200k,2.63855421686747
T3-28,T3,english_retained,English,qwen2.5_7b,1.0
T3-28,T3,english_retained,Bengali,qwen2.5_7b,2.759493670886076
T3-28,T3,english_retained,Hindi,qwen2.5_7b,5.886075949367089
T3-28,T3,english_retained,Arabic,qwen2.5_7b,2.050632911392405
T3-28,T3,english_retained,Tamil,qwen2.5_7b,6.860759493670886
T3-28,T3,english_retained,Yoruba,qwen2.5_7b,3.7088607594936707
T3-28,T3,english_retained,English,mistral_7b_v0.1,1.0
T3-28,T3,english_retained,Bengali,mistral_7b_v0.1,2.5903614457831323
T3-28,T3,english_retained,Hindi,mistral_7b_v0.1,6.325301204819277
T3-28,T3,english_retained,Arabic,mistral_7b_v0.1,4.253012048192771
T3-28,T3,english_retained,Tamil,mistral_7b_v0.1,6.759036144578313
T3-28,T3,english_retained,Yoruba,mistral_7b_v0.1,4.072289156626506
T3-29,T3,english_retained,English,tiktoken_o200k,1.0
T3-29,T3,english_retained,Bengali,tiktoken_o200k,1.0909090909090908
T3-29,T3,english_retained,Hindi,tiktoken_o200k,1.5568181818181819
T3-29,T3,english_retained,Arabic,tiktoken_o200k,1.4204545454545454
T3-29,T3,english_retained,Tamil,tiktoken_o200k,2.034090909090909
T3-29,T3,english_retained,Yoruba,tiktoken_o200k,2.397727272727273
T3-29,T3,english_retained,English,qwen2.5_7b,1.0
T3-29,T3,english_retained,Bengali,qwen2.5_7b,2.4615384615384617
T3-29,T3,english_retained,Hindi,qwen2.5_7b,4.274725274725275
T3-29,T3,english_retained,Arabic,qwen2.5_7b,1.6593406593406594
T3-29,T3,english_retained,Tamil,qwen2.5_7b,6.153846153846154
T3-29,T3,english_retained,Yoruba,qwen2.5_7b,3.087912087912088
T3-29,T3,english_retained,English,mistral_7b_v0.1,1.0
T3-29,T3,english_retained,Bengali,mistral_7b_v0.1,2.3979591836734695
T3-29,T3,english_retained,Hindi,mistral_7b_v0.1,4.581632653061225
T3-29,T3,english_retained,Arabic,mistral_7b_v0.1,3.5408163265306123
T3-29,T3,english_retained,Tamil,mistral_7b_v0.1,6.112244897959184
T3-29,T3,english_retained,Yoruba,mistral_7b_v0.1,3.326530612244898
T3-30,T3,mixed,English,tiktoken_o200k,1.0
T3-30,T3,mixed,Bengali,tiktoken_o200k,1.0465116279069768
T3-30,T3,mixed,Hindi,tiktoken_o200k,1.9069767441860466
T3-30,T3,mixed,Arabic,tiktoken_o200k,1.3953488372093024
T3-30,T3,mixed,Tamil,tiktoken_o200k,2.2674418604651163
T3-30,T3,mixed,Yoruba,tiktoken_o200k,2.7674418604651163
T3-30,T3,mixed,English,qwen2.5_7b,1.0
T3-30,T3,mixed,Bengali,qwen2.5_7b,2.847058823529412
T3-30,T3,mixed,Hindi,qwen2.5_7b,5.5058823529411764
T3-30,T3,mixed,Arabic,qwen2.5_7b,1.6352941176470588
T3-30,T3,mixed,Tamil,qwen2.5_7b,7.705882352941177
T3-30,T3,mixed,Yoruba,qwen2.5_7b,3.976470588235294
T3-30,T3,mixed,English,mistral_7b_v0.1,1.0
T3-30,T3,mixed,Bengali,mistral_7b_v0.1,2.8666666666666667
T3-30,T3,mixed,Hindi,mistral_7b_v0.1,5.711111111111111
T3-30,T3,mixed,Arabic,mistral_7b_v0.1,3.966666666666667
T3-30,T3,mixed,Tamil,mistral_7b_v0.1,7.622222222222222
T3-30,T3,mixed,Yoruba,mistral_7b_v0.1,4.122222222222222
T3-31,T3,mixed,English,tiktoken_o200k,1.0
T3-31,T3,mixed,Bengali,tiktoken_o200k,1.1494252873563218
T3-31,T3,mixed,Hindi,tiktoken_o200k,1.6896551724137931
T3-31,T3,mixed,Arabic,tiktoken_o200k,1.5057471264367817
T3-31,T3,mixed,Tamil,tiktoken_o200k,2.6551724137931036
T3-31,T3,mixed,Yoruba,tiktoken_o200k,2.954022988505747
T3-31,T3,mixed,English,qwen2.5_7b,1.0
T3-31,T3,mixed,Bengali,qwen2.5_7b,2.9770114942528734
T3-31,T3,mixed,Hindi,qwen2.5_7b,5.436781609195402
T3-31,T3,mixed,Arabic,qwen2.5_7b,1.6781609195402298
T3-31,T3,mixed,Tamil,qwen2.5_7b,7.885057471264368
T3-31,T3,mixed,Yoruba,qwen2.5_7b,3.8620689655172415
T3-31,T3,mixed,English,mistral_7b_v0.1,1.0
T3-31,T3,mixed,Bengali,mistral_7b_v0.1,2.978723404255319
T3-31,T3,mixed,Hindi,mistral_7b_v0.1,5.638297872340425
T3-31,T3,mixed,Arabic,mistral_7b_v0.1,3.882978723404255
T3-31,T3,mixed,Tamil,mistral_7b_v0.1,7.872340425531915
T3-31,T3,mixed,Yoruba,mistral_7b_v0.1,4.085106382978723
T3-32,T3,mixed,English,tiktoken_o200k,1.0
T3-32,T3,mixed,Bengali,tiktoken_o200k,1.0
T3-32,T3,mixed,Hindi,tiktoken_o200k,1.7045454545454546
T3-32,T3,mixed,Arabic,tiktoken_o200k,1.4886363636363635
T3-32,T3,mixed,Tamil,tiktoken_o200k,2.090909090909091
T3-32,T3,mixed,Yoruba,tiktoken_o200k,2.602272727272727
T3-32,T3,mixed,English,qwen2.5_7b,1.0
T3-32,T3,mixed,Bengali,qwen2.5_7b,2.6363636363636362
T3-32,T3,mixed,Hindi,qwen2.5_7b,4.7727272727272725
T3-32,T3,mixed,Arabic,qwen2.5_7b,1.875
T3-32,T3,mixed,Tamil,qwen2.5_7b,6.8522727272727275
T3-32,T3,mixed,Yoruba,qwen2.5_7b,3.6136363636363638
T3-32,T3,mixed,English,mistral_7b_v0.1,1.0
T3-32,T3,mixed,Bengali,mistral_7b_v0.1,2.6989247311827955
T3-32,T3,mixed,Hindi,mistral_7b_v0.1,4.989247311827957
T3-32,T3,mixed,Arabic,mistral_7b_v0.1,3.989247311827957
T3-32,T3,mixed,Tamil,mistral_7b_v0.1,6.666666666666667
T3-32,T3,mixed,Yoruba,mistral_7b_v0.1,3.78494623655914
T3-33,T3,mixed,English,tiktoken_o200k,1.0
T3-33,T3,mixed,Bengali,tiktoken_o200k,1.2077922077922079
T3-33,T3,mixed,Hindi,tiktoken_o200k,1.8571428571428572
T3-33,T3,mixed,Arabic,tiktoken_o200k,1.5844155844155845
T3-33,T3,mixed,Tamil,tiktoken_o200k,2.5584415584415585
T3-33,T3,mixed,Yoruba,tiktoken_o200k,2.324675324675325
T3-33,T3,mixed,English,qwen2.5_7b,1.0
T3-33,T3,mixed,Bengali,qwen2.5_7b,2.831168831168831
T3-33,T3,mixed,Hindi,qwen2.5_7b,5.623376623376624
T3-33,T3,mixed,Arabic,qwen2.5_7b,1.7532467532467533
T3-33,T3,mixed,Tamil,qwen2.5_7b,7.8441558441558445
T3-33,T3,mixed,Yoruba,qwen2.5_7b,3.1948051948051948
T3-33,T3,mixed,English,mistral_7b_v0.1,1.0
T3-33,T3,mixed,Bengali,mistral_7b_v0.1,2.765432098765432
T3-33,T3,mixed,Hindi,mistral_7b_v0.1,6.037037037037037
T3-33,T3,mixed,Arabic,mistral_7b_v0.1,3.814814814814815
T3-33,T3,mixed,Tamil,mistral_7b_v0.1,7.938271604938271
T3-33,T3,mixed,Yoruba,mistral_7b_v0.1,3.493827160493827
T3-34,T3,mixed,English,tiktoken_o200k,1.0
T3-34,T3,mixed,Bengali,tiktoken_o200k,0.9629629629629629
T3-34,T3,mixed,Hindi,tiktoken_o200k,1.617283950617284
T3-34,T3,mixed,Arabic,tiktoken_o200k,1.4691358024691359
T3-34,T3,mixed,Tamil,tiktoken_o200k,1.9753086419753085
T3-34,T3,mixed,Yoruba,tiktoken_o200k,2.5555555555555554
T3-34,T3,mixed,English,qwen2.5_7b,1.0
T3-34,T3,mixed,Bengali,qwen2.5_7b,2.632911392405063
T3-34,T3,mixed,Hindi,qwen2.5_7b,4.6455696202531644
T3-34,T3,mixed,Arabic,qwen2.5_7b,1.8227848101265822
T3-34,T3,mixed,Tamil,qwen2.5_7b,6.455696202531645
T3-34,T3,mixed,Yoruba,qwen2.5_7b,3.632911392405063
T3-34,T3,mixed,English,mistral_7b_v0.1,1.0
T3-34,T3,mixed,Bengali,mistral_7b_v0.1,2.4705882352941178
T3-34,T3,mixed,Hindi,mistral_7b_v0.1,4.752941176470588
T3-34,T3,mixed,Arabic,mistral_7b_v0.1,3.9647058823529413
T3-34,T3,mixed,Tamil,mistral_7b_v0.1,6.2823529411764705
T3-34,T3,mixed,Yoruba,mistral_7b_v0.1,3.7529411764705882
T3-35,T3,mixed,English,tiktoken_o200k,1.0
T3-35,T3,mixed,Bengali,tiktoken_o200k,1.0945945945945945
T3-35,T3,mixed,Hindi,tiktoken_o200k,1.662162162162162
T3-35,T3,mixed,Arabic,tiktoken_o200k,1.5405405405405406
T3-35,T3,mixed,Tamil,tiktoken_o200k,2.3513513513513513
T3-35,T3,mixed,Yoruba,tiktoken_o200k,2.527027027027027
T3-35,T3,mixed,English,qwen2.5_7b,1.0
T3-35,T3,mixed,Bengali,qwen2.5_7b,3.324324324324324
T3-35,T3,mixed,Hindi,qwen2.5_7b,4.918918918918919
T3-35,T3,mixed,Arabic,qwen2.5_7b,1.8513513513513513
T3-35,T3,mixed,Tamil,qwen2.5_7b,7.594594594594595
T3-35,T3,mixed,Yoruba,qwen2.5_7b,3.2162162162162162
T3-35,T3,mixed,English,mistral_7b_v0.1,1.0
T3-35,T3,mixed,Bengali,mistral_7b_v0.1,3.225
T3-35,T3,mixed,Hindi,mistral_7b_v0.1,5.25
T3-35,T3,mixed,Arabic,mistral_7b_v0.1,4.0875
T3-35,T3,mixed,Tamil,mistral_7b_v0.1,7.1625
T3-35,T3,mixed,Yoruba,mistral_7b_v0.1,3.375
